pointNumber,player1Name,player2Name,pointScore,gameScore,setScore,tiebreakScore,side,serverName,returnerName,clientTeam,opponentTeam,Position,pointEndPosition,Duration,rallyCount,rallyCountFreq,firstServeIn,secondServeIn,serveResult,serveInPlacement,firstServeZone,secondServeZone,isAce,serverFarNear,serverStartLocation,returnerStartLocation,firstServeXCoord,firstServeYCoord,secondServeXCoord,secondServeYCoord,returnDirection,returnFhBh,errorType,returnError,lastShotDirection,lastShotFhBh,lastShotHitBy,lastShotResult,pointWonBy,isExcitingPoint,isBreakPoint,atNetPlayer1,atNetPlayer2,setNum,player1SetScore,player2SetScore,player1GameScore,player2GameScore,player1PointScore,player2PointScore,player1TiebreakScore,player2TiebreakScore,gameNumber,player1ServeResult,player1ServePlacement,player1ReturnPlacement,player1ReturnFhBh,player1LastShotPlacement,player1LastShotFhBh,player1LastShotResult,player2ServeResult,player2ServePlacement,player2ReturnPlacement,player2ReturnFhBh,player2LastShotPlacement,player2LastShotFhBh,player2LastShotResult,deepCountPlayer1,deepCountPlayer2,shortCountPlayer1,shortCountPlayer2,Name
1,Kaylan Bigun,Maxi Homberg,0-0,0-0,0-0,,Deuce,Kaylan Bigun,Maxi Homberg,"Univeristy of California, Los Angeles",Pepperdine University,10650.0,31049.0,20399.0,11,9-12,1,0,1st Serve In,T,T,,False,Near,,,-6.656966317,202.3605916,,,Crosscourt,Backhand,,,Crosscourt,Forehand,Kaylan Bigun,Winner,Kaylan Bigun,,False,,,1,0,0,0,0,0,0,,,1,1st Serve In,Deuce: T,,,Crosscourt,Forehand,Winner,,,Crosscourt,Backhand,,,,1.0,2.0,4.0,3.0,"Set 1: 0-0, 0-0 Kaylan Bigun Serving"
2,Kaylan Bigun,Maxi Homberg,15-0,0-0,0-0,,Ad,Kaylan Bigun,Maxi Homberg,"Univeristy of California, Los Angeles",Pepperdine University,54450.0,59450.0,5000.0,1,1-4,1,0,1st Serve In,Wide,Wide,,True,Near,,,143.2014053,224.3817695,,,,,,,,,Kaylan Bigun,,Kaylan Bigun,0.0,False,,,1,0,0,0,0,15,0,,,1,Ace,Ad: Wide,,,,,,,,,,,,,0.0,0.0,0.0,0.0,"Set 1: 0-0, 15-0 Kaylan Bigun Serving"
3,Kaylan Bigun,Maxi Homberg,30-0,0-0,0-0,,Deuce,Kaylan Bigun,Maxi Homberg,"Univeristy of California, Los Angeles",Pepperdine University,77190.0,82970.0,5780.0,2,1-4,1,0,1st Serve In,T,T,,False,Near,,,-27.75617892,244.6583443,,,Down the Line,Backhand,Net,Net,Down the Line,Backhand,Maxi Homberg,Error,Kaylan Bigun,0.0,False,,,1,0,0,0,0,30,0,,,1,1st Serve In,Deuce: T,,,,,,,,Down the Line,Backhand,Down the Line,Backhand,Error,0.0,0.0,0.0,0.0,"Set 1: 0-0, 30-0 Kaylan Bigun Serving"
4,Kaylan Bigun,Maxi Homberg,40-0,0-0,0-0,,Ad,Kaylan Bigun,Maxi Homberg,"Univeristy of California, Los Angeles",Pepperdine University,100630.0,104847.0,4217.0,1,1-4,1,0,1st Serve In,T,T,,True,Near,,,11.0,230.0,,,,,,,,,Kaylan Bigun,,Kaylan Bigun,0.0,False,,,1,0,0,0,0,40,0,,,1,Ace,Ad: T,,,,,,,,,,,,,0.0,0.0,0.0,0.0,"Set 1: 0-0, 40-0 Kaylan Bigun Serving"
5,Kaylan Bigun,Maxi Homberg,0-0,1-0,0-0,,Deuce,Maxi Homberg,Kaylan Bigun,"Univeristy of California, Los Angeles",Pepperdine University,149389.0,155149.0,5760.0,2,1-4,0,0,Double Fault,,Body,,False,Near,,,-104.2955599,250.9895396,,,Down the Line,Backhand,Long,Long,Down the Line,Backhand,Kaylan Bigun,Error,Maxi Homberg,0.0,False,,,1,0,0,1,0,0,0,,,2,,,Down the Line,Backhand,Down the Line,Backhand,Error,Double Fault,,,,,,,0.0,0.0,0.0,0.0,"Set 1: 1-0, 0-0 Maxi Homberg Serving"
6,Kaylan Bigun,Maxi Homberg,15-0,1-0,0-0,,Ad,Maxi Homberg,Kaylan Bigun,"Univeristy of California, Los Angeles",Pepperdine University,165020.0,184190.0,19170.0,6,5-8,0,1,2nd Serve In,T,Body,T,False,Near,,,78.94520997,-193.6192038,9.412948381,172.1897419,Down the Line,Backhand,Net,,Down the Line,Forehand,Kaylan Bigun,Winner,Kaylan Bigun,0.0,False,,,1,0,0,1,0,15,0,,,2,,,Down the Line,Backhand,Down the Line,Forehand,Winner,2nd Serve In,Ad: T,,,,,,0.0,1.0,3.0,1.0,"Set 1: 1-0, 15-0 Maxi Homberg Serving"
7,Kaylan Bigun,Maxi Homberg,15-15,1-0,0-0,,Deuce,Maxi Homberg,Kaylan Bigun,"Univeristy of California, Los Angeles",Pepperdine University,203889.0,222479.0,18590.0,5,5-8,0,1,2nd Serve In,Wide,T,Wide,False,Near,,,-35.9776192,246.3650919,-124.4447507,242.7761374,Crosscourt,Backhand,Net,,Down the Line,Forehand,Maxi Homberg,Error,Kaylan Bigun,0.0,False,,,1,0,0,1,0,15,15,,,2,,,Crosscourt,Backhand,,,,2nd Serve In,Deuce: Wide,,,Down the Line,Forehand,Error,1.0,1.0,1.0,0.0,"Set 1: 1-0, 15-15 Maxi Homberg Serving"
8,Kaylan Bigun,Maxi Homberg,15-30,1-0,0-0,,Ad,Maxi Homberg,Kaylan Bigun,"Univeristy of California, Los Angeles",Pepperdine University,246250.0,261549.0,15299.0,3,1-4,0,1,2nd Serve In,Body,Wide,Body,False,Near,,,160.1628171,308.7939304,89.09356409,199.1096949,Crosscourt,Forehand,Net,,Down the Line,Forehand,Maxi Homberg,Error,Kaylan Bigun,0.0,False,,,1,0,0,1,0,15,30,,,2,,,Crosscourt,Forehand,,,,2nd Serve In,Ad: Body,,,Down the Line,Forehand,Error,0.0,0.0,1.0,0.0,"Set 1: 1-0, 15-30 Maxi Homberg Serving"
9,Kaylan Bigun,Maxi Homberg,15-40,1-0,0-0,,Deuce,Maxi Homberg,Kaylan Bigun,"Univeristy of California, Los Angeles",Pepperdine University,277250.0,291320.0,14070.0,2,1-4,0,1,2nd Serve In,T,Wide,T,False,Near,,,-106.130572,629.689042,-18.71619641,244.7146872,Down the Line,Forehand,Net,Net,Down the Line,Forehand,Kaylan Bigun,Error,Maxi Homberg,0.0,True,,,1,0,0,1,0,15,40,,,2,,,Down the Line,Forehand,Down the Line,Forehand,Error,2nd Serve In,Deuce: T,,,,,,0.0,0.0,0.0,0.0,"Set 1: 1-0, 15-40 Maxi Homberg Serving"
10,Kaylan Bigun,Maxi Homberg,30-40,1-0,0-0,,Ad,Maxi Homberg,Kaylan Bigun,"Univeristy of California, Los Angeles",Pepperdine University,307350.0,326380.0,19030.0,11,9-12,1,0,1st Serve In,Wide,Wide,,False,Near,,,143.3042924,245.0,,,Crosscourt,Forehand,Long,,Down the Line,Forehand,Maxi Homberg,Error,Kaylan Bigun,0.0,True,,,1,0,0,1,0,30,40,,,2,,,Crosscourt,Forehand,,,,1st Serve In,Ad: Wide,,,Down the Line,Forehand,Error,0.0,1.0,5.0,3.0,"Set 1: 1-0, 30-40 Maxi Homberg Serving"
11,Kaylan Bigun,Maxi Homberg,0-0,2-0,0-0,,Ad,Kaylan Bigun,Maxi Homberg,"Univeristy of California, Los Angeles",Pepperdine University,356619.0,362250.0,5631.0,2,1-4,0,0,Double Fault,,T,,False,Far,,,16.01077756,-157.4034285,,,Down the Line,Backhand,Net,Net,Down the Line,Backhand,Maxi Homberg,Error,Kaylan Bigun,0.0,False,,,1,0,0,2,0,0,0,,,3,Double Fault,,,,,,,,,Down the Line,Backhand,Down the Line,Backhand,Error,0.0,0.0,0.0,0.0,"Set 1: 2-0, 0-0 Kaylan Bigun Serving"
12,Kaylan Bigun,Maxi Homberg,15-0,2-0,0-0,,Ad,Kaylan Bigun,Maxi Homberg,"Univeristy of California, Los Angeles",Pepperdine University,388970.0,394970.0,6000.0,1,1-4,1,0,1st Serve In,Wide,Wide,,True,Far,,,-135.9411253,-145.3278161,,,,,,,,,Kaylan Bigun,,Kaylan Bigun,0.0,False,,,1,0,0,2,0,15,0,,,3,Ace,Ad: Wide,,,,,,,,,,,,,0.0,0.0,0.0,0.0,"Set 1: 2-0, 15-0 Kaylan Bigun Serving"
13,Kaylan Bigun,Maxi Homberg,30-0,2-0,0-0,,Deuce,Kaylan Bigun,Maxi Homberg,"Univeristy of California, Los Angeles",Pepperdine University,411820.0,432920.0,21100.0,5,5-8,0,1,2nd Serve In,T,Wide,T,False,Far,,,164.5405731,-277.931425,46.12317913,-158.0436789,Down the Line,Forehand,Long,,Down the Line,Forehand,Kaylan Bigun,Error,Maxi Homberg,0.0,False,,,1,0,0,2,0,30,0,,,3,2nd Serve In,Deuce: T,,,Down the Line,Forehand,Error,,,Down the Line,Forehand,,,,0.0,0.0,1.0,2.0,"Set 1: 2-0, 30-0 Kaylan Bigun Serving"
14,Kaylan Bigun,Maxi Homberg,30-15,2-0,0-0,,Ad,Kaylan Bigun,Maxi Homberg,"Univeristy of California, Los Angeles",Pepperdine University,453619.0,464019.0,10400.0,5,5-8,1,0,1st Serve In,Wide,Wide,,False,Far,,,-142.0445757,-198.0677712,,,Crosscourt,Backhand,Net,,Down the Line,Forehand,Kaylan Bigun,Error,Maxi Homberg,0.0,False,,,1,0,0,2,0,30,15,,,3,1st Serve In,Ad: Wide,,,Down the Line,Forehand,Error,,,Crosscourt,Backhand,,,,0.0,0.0,1.0,1.0,"Set 1: 2-0, 30-15 Kaylan Bigun Serving"
15,Kaylan Bigun,Maxi Homberg,30-30,2-0,0-0,,Deuce,Kaylan Bigun,Maxi Homberg,"Univeristy of California, Los Angeles",Pepperdine University,490679.0,495679.0,5000.0,1,1-4,1,0,1st Serve In,T,T,,True,Far,,,14.58118985,-195.4504265,,,,,,,,,Kaylan Bigun,,Kaylan Bigun,0.0,False,,,1,0,0,2,0,30,30,,,3,Ace,Deuce: T,,,,,,,,,,,,,0.0,0.0,0.0,0.0,"Set 1: 2-0, 30-30 Kaylan Bigun Serving"
16,Kaylan Bigun,Maxi Homberg,40-30,2-0,0-0,,Ad,Kaylan Bigun,Maxi Homberg,"Univeristy of California, Los Angeles",Pepperdine University,490679.0,,,11,9-12,1,0,1st Serve In,T,T,,False,Far,,,-26.0,-241.0,,,Crosscourt,Forehand,Wide Left,,Down the Line,Forehand,Kaylan Bigun,Error,Maxi Homberg,0.0,False,,,1,0,0,2,0,40,30,,,3,1st Serve In,Ad: T,,,Down the Line,Forehand,Error,,,Crosscourt,Forehand,,,,0.0,3.0,4.0,2.0,"Set 1: 2-0, 40-30 Kaylan Bigun Serving"
17,Kaylan Bigun,Maxi Homberg,40-40,2-0,0-0,,Deuce,Kaylan Bigun,Maxi Homberg,"Univeristy of California, Los Angeles",Pepperdine University,556250.0,565659.0,9409.0,4,1-4,1,0,1st Serve In,T,T,,False,Far,,,9.702012248,-175.3342684,,,Down the Line,Backhand,Wide Left,,Down the Line,Backhand,Maxi Homberg,Error,Kaylan Bigun,0.0,True,,,1,0,0,2,0,40,40,,,3,1st Serve In,Deuce: T,,,,,,,,Down the Line,Backhand,Down the Line,Backhand,Error,0.0,1.0,1.0,0.0,"Set 1: 2-0, 40-40 Kaylan Bigun Serving"
18,Kaylan Bigun,Maxi Homberg,0-0,3-0,0-0,,Deuce,Maxi Homberg,Kaylan Bigun,"Univeristy of California, Los Angeles",Pepperdine University,648059.0,659580.0,11521.0,7,5-8,1,0,1st Serve In,T,T,,False,Far,,,41.80643591,-199.4529582,,,Down the Line,Forehand,Wide Right,,Down the Line,Backhand,Maxi Homberg,Error,Kaylan Bigun,0.0,False,Kaylan Bigun,Maxi Homberg,1,0,0,3,0,0,0,,,4,,,Down the Line,Forehand,,,,1st Serve In,Deuce: T,,,Down the Line,Backhand,Error,0.0,1.0,2.0,0.0,"Set 1: 3-0, 0-0 Maxi Homberg Serving"
19,Kaylan Bigun,Maxi Homberg,15-0,3-0,0-0,,Ad,Maxi Homberg,Kaylan Bigun,"Univeristy of California, Los Angeles",Pepperdine University,678849.0,684659.0,5810.0,2,1-4,0,0,Double Fault,,Body,,False,Far,,,-103.3500547,-247.1225066,,,Down the Line,Forehand,Net,Net,Down the Line,Forehand,Kaylan Bigun,Error,Maxi Homberg,0.0,False,,,1,0,0,3,0,15,0,,,4,,,Down the Line,Forehand,Down the Line,Forehand,Error,Double Fault,,,,,,,0.0,0.0,0.0,0.0,"Set 1: 3-0, 15-0 Maxi Homberg Serving"
20,Kaylan Bigun,Maxi Homberg,30-0,3-0,0-0,,Deuce,Maxi Homberg,Kaylan Bigun,"Univeristy of California, Los Angeles",Pepperdine University,696479.0,715849.0,19370.0,4,1-4,0,1,2nd Serve In,Wide,Wide,Wide,False,Far,,,159.1974081,-129.1812719,112.3212544,-142.9666175,Crosscourt,Backhand,Net,,Crosscourt,Forehand,Kaylan Bigun,Error,Maxi Homberg,0.0,False,,,1,0,0,3,0,30,0,,,4,,,Crosscourt,Backhand,Crosscourt,Forehand,Error,2nd Serve In,Deuce: Wide,,,,,,0.0,0.0,1.0,1.0,"Set 1: 3-0, 30-0 Maxi Homberg Serving"
21,Kaylan Bigun,Maxi Homberg,40-0,3-0,0-0,,Ad,Maxi Homberg,Kaylan Bigun,"Univeristy of California, Los Angeles",Pepperdine University,733650.0,755710.0,22060.0,5,5-8,0,1,2nd Serve In,Wide,T,Wide,False,Far,,,-13.30853565,-265.0263615,-121.1221238,-134.9817257,Crosscourt,Forehand,Wide Right,,Down the Line,Forehand,Maxi Homberg,Error,Kaylan Bigun,0.0,False,,,1,0,0,3,0,40,0,,,4,,,Crosscourt,Forehand,,,,2nd Serve In,Ad: Wide,,,Down the Line,Forehand,Error,1.0,1.0,1.0,0.0,"Set 1: 3-0, 40-0 Maxi Homberg Serving"
22,Kaylan Bigun,Maxi Homberg,40-15,3-0,0-0,,Deuce,Maxi Homberg,Kaylan Bigun,"Univeristy of California, Los Angeles",Pepperdine University,775580.0,800760.0,25180.0,6,5-8,0,1,2nd Serve In,Body,Wide,Body,False,Far,,,177.5189359,-246.1237587,88.11311242,-138.0763014,Crosscourt,Backhand,Net,,Crosscourt,Forehand,Kaylan Bigun,Error,Maxi Homberg,0.0,False,,,1,0,0,3,0,40,15,,,4,,,Crosscourt,Backhand,Crosscourt,Forehand,Error,2nd Serve In,Deuce: Body,,,,,,1.0,1.0,1.0,1.0,"Set 1: 3-0, 40-15 Maxi Homberg Serving"
23,Kaylan Bigun,Maxi Homberg,0-0,3-1,0-0,,Deuce,Kaylan Bigun,Maxi Homberg,"Univeristy of California, Los Angeles",Pepperdine University,832609.0,855710.0,23101.0,5,5-8,0,1,2nd Serve In,Wide,Body,Wide,False,Near,,,90.08894357,-1.962128171,-115.6035761,230.7382273,Crosscourt,Forehand,Net,,Crosscourt,Forehand,Kaylan Bigun,Winner,Kaylan Bigun,,False,,,1,0,0,3,1,0,0,,,5,2nd Serve In,Deuce: Wide,,,Crosscourt,Forehand,Winner,,,Crosscourt,Forehand,,,,2.0,0.0,0.0,2.0,"Set 1: 3-1, 0-0 Kaylan Bigun Serving"
24,Kaylan Bigun,Maxi Homberg,15-0,3-1,0-0,,Ad,Kaylan Bigun,Maxi Homberg,"Univeristy of California, Los Angeles",Pepperdine University,877640.0,898479.0,20839.0,3,1-4,0,1,2nd Serve In,Body,Wide,Body,False,Near,,,180.7379101,243.7774497,99.03465114,206.1301345,Crosscourt,Backhand,,,Down the Line,Forehand,Kaylan Bigun,Winner,Kaylan Bigun,,False,,,1,0,0,3,1,15,0,,,5,2nd Serve In,Ad: Body,,,Down the Line,Forehand,Winner,,,Crosscourt,Backhand,,,,0.0,0.0,1.0,1.0,"Set 1: 3-1, 15-0 Kaylan Bigun Serving"
25,Kaylan Bigun,Maxi Homberg,30-0,3-1,0-0,,Deuce,Kaylan Bigun,Maxi Homberg,"Univeristy of California, Los Angeles",Pepperdine University,922880.0,944909.0,22029.0,5,5-8,0,1,2nd Serve In,T,Wide,T,False,Near,,,-158.0029528,163.170888,-22.22886592,181.0655184,Crosscourt,Backhand,Long,,Crosscourt,Forehand,Kaylan Bigun,Error,Maxi Homberg,,False,,,1,0,0,3,1,30,0,,,5,2nd Serve In,Deuce: T,,,Crosscourt,Forehand,Error,,,Crosscourt,Backhand,,,,0.0,0.0,1.0,2.0,"Set 1: 3-1, 30-0 Kaylan Bigun Serving"
26,Kaylan Bigun,Maxi Homberg,30-15,3-1,0-0,,Ad,Kaylan Bigun,Maxi Homberg,"Univeristy of California, Los Angeles",Pepperdine University,970140.0,987909.0,17769.0,1,1-4,0,0,Double Fault,T,T,T,False,Near,,,19.73630249,-123.2883804,29.94088473,-227.953423,,,Net,,,,Kaylan Bigun,,Maxi Homberg,,False,,,1,0,0,3,1,30,15,,,5,Double Fault,Ad: T,,,,,,,,,,,,,0.0,0.0,0.0,0.0,"Set 1: 3-1, 30-15 Kaylan Bigun Serving"
27,Kaylan Bigun,Maxi Homberg,30-30,3-1,0-0,,Deuce,Kaylan Bigun,Maxi Homberg,"Univeristy of California, Los Angeles",Pepperdine University,1008409.0,1023909.0,15500.0,2,1-4,0,1,2nd Serve In,T,Wide,T,False,Near,,,-158.3191546,245.4818624,-32.73575569,129.0300798,Down the Line,Backhand,Wide Right,Wide Right,Down the Line,Backhand,Maxi Homberg,Error,Kaylan Bigun,,False,,,1,0,0,3,1,30,30,,,5,2nd Serve In,Deuce: T,,,,,,,,Down the Line,Backhand,Down the Line,Backhand,Error,0.0,0.0,0.0,0.0,"Set 1: 3-1, 30-30 Kaylan Bigun Serving"
28,Kaylan Bigun,Maxi Homberg,40-30,3-1,0-0,,Ad,Kaylan Bigun,Maxi Homberg,"Univeristy of California, Los Angeles",Pepperdine University,1048979.0,1056579.0,7600.0,3,1-4,1,0,1st Serve In,T,T,,False,Near,,,32.07146763,242.8774934,,,Crosscourt,Forehand,Wide Left,,Down the Line,Forehand,Kaylan Bigun,Error,Maxi Homberg,,False,,,1,0,0,3,1,40,30,,,5,1st Serve In,Ad: T,,,Down the Line,Forehand,Error,,,Crosscourt,Forehand,,,,0.0,1.0,0.0,0.0,"Set 1: 3-1, 40-30 Kaylan Bigun Serving"
29,Kaylan Bigun,Maxi Homberg,0-0,4-1,0-0,,Deuce,Maxi Homberg,Kaylan Bigun,"Univeristy of California, Los Angeles",Pepperdine University,1131180.0,1146479.0,15299.0,4,1-4,0,1,2nd Serve In,Body,Body,Body,False,Near,,,-69.26394357,-0.7659886264,-67.0871227,154.0833661,Down the Line,Backhand,Net,,Down the Line,Forehand,Kaylan Bigun,Error,Maxi Homberg,,False,,,1,0,0,4,1,0,0,,,6,,,Down the Line,Backhand,Down the Line,Forehand,Error,2nd Serve In,Deuce: Body,,,,,,0.0,0.0,1.0,1.0,"Set 1: 4-1, 0-0 Maxi Homberg Serving"
30,Kaylan Bigun,Maxi Homberg,15-0,4-1,0-0,,Ad,Maxi Homberg,Kaylan Bigun,"Univeristy of California, Los Angeles",Pepperdine University,1170010.0,1186069.0,16059.0,10,9-12,1,0,1st Serve In,T,T,,False,Near,,,40.93400044,235.5422299,,,Down the Line,Backhand,,,Crosscourt,Forehand,Kaylan Bigun,Winner,Kaylan Bigun,,False,,,1,0,0,4,1,15,0,,,6,,,Down the Line,Backhand,Crosscourt,Forehand,Winner,1st Serve In,Ad: T,,,,,,1.0,3.0,4.0,1.0,"Set 1: 4-1, 15-0 Maxi Homberg Serving"
31,Kaylan Bigun,Maxi Homberg,15-15,4-1,0-0,,Deuce,Maxi Homberg,Kaylan Bigun,"Univeristy of California, Los Angeles",Pepperdine University,1209670.0,1216369.0,6699.0,3,1-4,1,0,1st Serve In,Body,Body,,False,Near,,,-54.82579287,244.6961614,,,Down the Line,Forehand,Net,,Down the Line,Backhand,Maxi Homberg,Error,Kaylan Bigun,,False,,,1,0,0,4,1,15,15,,,6,,,Down the Line,Forehand,,,,1st Serve In,Deuce: Body,,,Down the Line,Backhand,Error,1.0,0.0,0.0,0.0,"Set 1: 4-1, 15-15 Maxi Homberg Serving"
32,Kaylan Bigun,Maxi Homberg,15-30,4-1,0-0,,Ad,Maxi Homberg,Kaylan Bigun,"Univeristy of California, Los Angeles",Pepperdine University,1233339.0,1239239.0,5900.0,2,1-4,1,0,1st Serve In,Wide,Wide,,False,Near,,,138.0788659,193.6268974,,,Crosscourt,Forehand,Long,Long,Crosscourt,Forehand,Kaylan Bigun,Error,Maxi Homberg,,False,,,1,0,0,4,1,15,30,,,6,,,Crosscourt,Forehand,Crosscourt,Forehand,Error,1st Serve In,Ad: Wide,,,,,,0.0,0.0,0.0,0.0,"Set 1: 4-1, 15-30 Maxi Homberg Serving"
33,Kaylan Bigun,Maxi Homberg,30-30,4-1,0-0,,Deuce,Maxi Homberg,Kaylan Bigun,"Univeristy of California, Los Angeles",Pepperdine University,1253569.0,1264709.0,11140.0,6,5-8,0,0,Double Fault,,Wide,,False,Near,,,-145.3461505,318.0543088,,,Crosscourt,Backhand,,,Down the Line,Forehand,Kaylan Bigun,Winner,Kaylan Bigun,,False,,,1,0,0,4,1,30,30,,,6,,,Crosscourt,Backhand,Down the Line,Forehand,Winner,Double Fault,,,,,,,1.0,1.0,2.0,1.0,"Set 1: 4-1, 30-30 Maxi Homberg Serving"
34,Kaylan Bigun,Maxi Homberg,30-40,4-1,0-0,,Ad,Maxi Homberg,Kaylan Bigun,"Univeristy of California, Los Angeles",Pepperdine University,1281609.0,1312660.0,31051.0,16,13+,0,1,2nd Serve In,T,Body,T,False,Near,,,100.7747375,-226.7413987,36.50104987,225.8028598,Down the Line,Backhand,Net,,Down the Line,Forehand,Kaylan Bigun,Error,Maxi Homberg,,True,,,1,0,0,4,1,30,40,,,6,,,Down the Line,Backhand,Down the Line,Forehand,Error,2nd Serve In,Ad: T,,,,,,1.0,2.0,6.0,5.0,"Set 1: 4-1, 30-40 Maxi Homberg Serving"
35,Kaylan Bigun,Maxi Homberg,40-40,4-1,0-0,,Deuce,Maxi Homberg,Kaylan Bigun,"Univeristy of California, Los Angeles",Pepperdine University,1333040.0,1350209.0,17169.0,4,1-4,0,1,2nd Serve In,T,Wide,T,False,Near,,,-158.8650919,293.1803095,-10.51270779,203.4247922,Crosscourt,Forehand,,,Down the Line,Forehand,Kaylan Bigun,Winner,Kaylan Bigun,,True,,,1,0,0,4,1,40,40,,,6,,,Crosscourt,Forehand,Down the Line,Forehand,Winner,2nd Serve In,Deuce: T,,,,,,1.0,1.0,1.0,0.0,"Set 1: 4-1, 40-40 Maxi Homberg Serving"
36,Kaylan Bigun,Maxi Homberg,0-0,5-1,0-0,,Deuce,Kaylan Bigun,Maxi Homberg,"Univeristy of California, Los Angeles",Pepperdine University,1384040.0,1405040.0,21000.0,1,1-4,0,0,Double Fault,Wide,Body,Wide,False,Far,,,74.27731846,-305.0805009,179.5704396,41.3979112,,,Net,,,,Kaylan Bigun,,Maxi Homberg,,False,,,1,0,0,5,1,0,0,,,7,Double Fault,Deuce: Wide,,,,,,,,,,,,,0.0,0.0,0.0,0.0,"Set 1: 5-1, 0-0 Kaylan Bigun Serving"
37,Kaylan Bigun,Maxi Homberg,0-15,5-1,0-0,,Ad,Kaylan Bigun,Maxi Homberg,"Univeristy of California, Los Angeles",Pepperdine University,1423439.0,1447810.0,24371.0,4,1-4,0,1,2nd Serve In,Wide,T,Wide,False,Far,,,-45.15428696,13.28863189,-133.3703631,-186.3824256,Down the Line,Backhand,Net,,Down the Line,Forehand,Maxi Homberg,Error,Kaylan Bigun,,False,,,1,0,0,5,1,0,15,,,7,2nd Serve In,Ad: Wide,,,,,,,,Down the Line,Backhand,Down the Line,Forehand,Error,0.0,0.0,1.0,1.0,"Set 1: 5-1, 0-15 Kaylan Bigun Serving"
38,Kaylan Bigun,Maxi Homberg,15-15,5-1,0-0,,Deuce,Kaylan Bigun,Maxi Homberg,"Univeristy of California, Los Angeles",Pepperdine University,1470040.0,1475040.0,5000.0,1,1-4,1,0,1st Serve In,Wide,Wide,,True,Far,,,154.7870407,-178.4092848,,,,,,,,,Kaylan Bigun,,Kaylan Bigun,,False,,,1,0,0,5,1,15,15,,,7,Ace,Deuce: Wide,,,,,,,,,,,,,0.0,0.0,0.0,0.0,"Set 1: 5-1, 15-15 Kaylan Bigun Serving"
39,Kaylan Bigun,Maxi Homberg,30-15,5-1,0-0,,Ad,Kaylan Bigun,Maxi Homberg,"Univeristy of California, Los Angeles",Pepperdine University,1490439.0,1507270.0,16831.0,3,1-4,0,1,2nd Serve In,Body,T,Body,False,Far,,,30.0673119,-177.2975066,-67.77280731,-152.9182688,Crosscourt,Forehand,Net,,Down the Line,Forehand,Kaylan Bigun,Error,Maxi Homberg,,False,,,1,0,0,5,1,30,15,,,7,2nd Serve In,Ad: Body,,,Down the Line,Forehand,Error,,,Crosscourt,Forehand,,,,0.0,0.0,0.0,1.0,"Set 1: 5-1, 30-15 Kaylan Bigun Serving"
40,Kaylan Bigun,Maxi Homberg,30-30,5-1,0-0,,Deuce,Kaylan Bigun,Maxi Homberg,"Univeristy of California, Los Angeles",Pepperdine University,1526540.0,1531540.0,5000.0,1,1-4,1,0,1st Serve In,T,T,,True,Far,,,-0.6546806649,-159.7556321,,,,,,,,,Kaylan Bigun,,Kaylan Bigun,,False,,,1,0,0,5,1,30,30,,,7,Ace,Deuce: T,,,,,,,,,,,,,0.0,0.0,0.0,0.0,"Set 1: 5-1, 30-30 Kaylan Bigun Serving"
41,Kaylan Bigun,Maxi Homberg,40-30,5-1,0-0,,Ad,Kaylan Bigun,Maxi Homberg,"Univeristy of California, Los Angeles",Pepperdine University,1546300.0,1563900.0,17600.0,3,1-4,0,1,2nd Serve In,Wide,T,Wide,False,Far,,,0.5904527559,-247.1779692,-131.6775864,-235.5431102,Crosscourt,Backhand,Long,,Down the Line,Forehand,Kaylan Bigun,Error,Maxi Homberg,,False,,,1,0,0,5,1,40,30,,,7,2nd Serve In,Ad: Wide,,,Down the Line,Forehand,Error,,,Crosscourt,Backhand,,,,0.0,1.0,0.0,0.0,"Set 1: 5-1, 40-30 Kaylan Bigun Serving"
42,Kaylan Bigun,Maxi Homberg,40-40,5-1,0-0,,Ad,Kaylan Bigun,Maxi Homberg,"Univeristy of California, Los Angeles",Pepperdine University,1579170.0,1586099.0,6929.0,3,1-4,1,0,1st Serve In,Wide,Wide,,False,Far,,,-127.7519138,-193.8556759,,,Down the Line,Backhand,Long,,Crosscourt,Backhand,Kaylan Bigun,Error,Maxi Homberg,,True,,,1,0,0,5,1,40,40,,,7,1st Serve In,Ad: Wide,,,Crosscourt,Backhand,Error,,,Down the Line,Backhand,,,,0.0,0.0,0.0,1.0,"Set 1: 5-1, 40-40 Kaylan Bigun Serving"
43,Kaylan Bigun,Maxi Homberg,0-0,5-2,0-0,,Deuce,Maxi Homberg,Kaylan Bigun,"Univeristy of California, Los Angeles",Pepperdine University,1657000.0,1665540.0,8540.0,4,1-4,1,0,1st Serve In,T,T,,False,Far,,,19.20207787,-199.1968504,,,Down the Line,Forehand,Wide Left,,Crosscourt,Forehand,Kaylan Bigun,Error,Maxi Homberg,,False,Kaylan Bigun,,1,0,0,5,2,0,0,,,8,,,Down the Line,Forehand,Crosscourt,Forehand,Error,1st Serve In,Deuce: T,,,,,,0.0,0.0,1.0,0.0,"Set 1: 5-2, 0-0 Maxi Homberg Serving"
44,Kaylan Bigun,Maxi Homberg,0-15,5-2,0-0,,Ad,Maxi Homberg,Kaylan Bigun,"Univeristy of California, Los Angeles",Pepperdine University,1691439.0,1711050.0,19611.0,3,1-4,0,1,2nd Serve In,Wide,T,Wide,False,Far,,,-6.79835958,22.25967848,-113.6381944,-172.4071522,Crosscourt,Forehand,Net,,Down the Line,Backhand,Maxi Homberg,Error,Kaylan Bigun,,False,,,1,0,0,5,2,0,15,,,8,,,Crosscourt,Forehand,,,,2nd Serve In,Ad: Wide,,,Down the Line,Backhand,Error,0.0,0.0,1.0,0.0,"Set 1: 5-2, 0-15 Maxi Homberg Serving"
45,Kaylan Bigun,Maxi Homberg,0-30,5-2,0-0,,Deuce,Maxi Homberg,Kaylan Bigun,"Univeristy of California, Los Angeles",Pepperdine University,1727750.0,1744099.0,16349.0,9,9-12,1,0,1st Serve In,Wide,Wide,,False,Far,,,126.1001695,-155.897173,,,Crosscourt,Backhand,Wide Right,,Down the Line,Forehand,Maxi Homberg,Error,Kaylan Bigun,,False,,,1,0,0,5,2,0,30,,,8,,,Crosscourt,Backhand,,,,1st Serve In,Deuce: Wide,,,Down the Line,Forehand,Error,1.0,0.0,3.0,3.0,"Set 1: 5-2, 0-30 Maxi Homberg Serving"
46,Kaylan Bigun,Maxi Homberg,0-40,5-2,0-0,,Ad,Maxi Homberg,Kaylan Bigun,"Univeristy of California, Los Angeles",Pepperdine University,1761469.0,1775530.0,14061.0,2,1-4,0,1,2nd Serve In,Wide,Body,Wide,False,Far,,,-69.48824366,14.18571741,-119.0852417,-177.7656277,Down the Line,Forehand,Net,Net,Down the Line,Forehand,Kaylan Bigun,Error,Maxi Homberg,,True,,,1,0,0,5,2,0,40,,,8,,,Down the Line,Forehand,Down the Line,Forehand,Error,2nd Serve In,Ad: Wide,,,,,,0.0,0.0,0.0,0.0,"Set 1: 5-2, 0-40 Maxi Homberg Serving"
47,Kaylan Bigun,Maxi Homberg,0-0,0-0,1-0,,Deuce,Kaylan Bigun,Maxi Homberg,"Univeristy of California, Los Angeles",Pepperdine University,1893300.0,1911599.0,18299.0,2,1-4,0,1,2nd Serve In,Wide,Wide,Wide,False,Near,,,-201.3198928,244.0846566,-112.6512358,244.8215934,Down the Line,Forehand,Wide Right,Wide Right,Down the Line,Forehand,Maxi Homberg,Error,Kaylan Bigun,,False,,,2,1,0,0,0,0,0,,,1,2nd Serve In,Deuce: Wide,,,,,,,,Down the Line,Forehand,Down the Line,Forehand,Error,0.0,0.0,0.0,0.0,"Set 2: 0-0, 0-0 Kaylan Bigun Serving"
48,Kaylan Bigun,Maxi Homberg,15-0,0-0,1-0,,Ad,Kaylan Bigun,Maxi Homberg,"Univeristy of California, Los Angeles",Pepperdine University,1926630.0,1939030.0,12400.0,7,5-8,1,0,1st Serve In,Body,Body,,False,Near,,,95.48642279,243.5583552,,,Crosscourt,Backhand,Net,,Crosscourt,Forehand,Kaylan Bigun,Error,Maxi Homberg,,False,,,2,1,0,0,0,15,0,,,1,1st Serve In,Ad: Body,,,Crosscourt,Forehand,Error,,,Crosscourt,Backhand,,,,2.0,2.0,0.0,1.0,"Set 2: 0-0, 15-0 Kaylan Bigun Serving"
49,Kaylan Bigun,Maxi Homberg,15-15,0-0,1-0,,Deuce,Kaylan Bigun,Maxi Homberg,"Univeristy of California, Los Angeles",Pepperdine University,1958170.0,1981869.0,23699.0,5,5-8,0,1,2nd Serve In,Body,T,Body,False,Near,,,-29.43624781,-10.63415901,-77.10055227,241.9897857,Down the Line,Forehand,Net,,Down the Line,Forehand,Kaylan Bigun,Error,Maxi Homberg,,False,,,2,1,0,0,0,15,15,,,1,2nd Serve In,Deuce: Body,,,Down the Line,Forehand,Error,,,Down the Line,Forehand,,,,0.0,0.0,1.0,2.0,"Set 2: 0-0, 15-15 Kaylan Bigun Serving"
50,Kaylan Bigun,Maxi Homberg,15-30,0-0,1-0,,Ad,Kaylan Bigun,Maxi Homberg,"Univeristy of California, Los Angeles",Pepperdine University,2001630.0,2022978.0,21348.0,5,5-8,0,1,2nd Serve In,T,T,T,False,Near,,,18.0,250.0,10.0,225.0,Crosscourt,Forehand,,,Down the Line,Forehand,Kaylan Bigun,Winner,Kaylan Bigun,,False,,,2,1,0,0,0,15,30,,,1,2nd Serve In,Ad: T,,,Down the Line,Forehand,Winner,,,Crosscourt,Forehand,,,,0.0,0.0,2.0,2.0,"Set 2: 0-0, 15-30 Kaylan Bigun Serving"
51,Kaylan Bigun,Maxi Homberg,30-30,0-0,1-0,,Deuce,Kaylan Bigun,Maxi Homberg,"Univeristy of California, Los Angeles",Pepperdine University,2061370.0,2067149.0,5779.0,2,1-4,1,0,1st Serve In,T,T,,False,Near,,,-15.95745844,244.3404582,,,Down the Line,Backhand,Net,Net,Down the Line,Backhand,Maxi Homberg,Error,Kaylan Bigun,,False,,,2,1,0,0,0,30,30,,,1,1st Serve In,Deuce: T,,,,,,,,Down the Line,Backhand,Down the Line,Backhand,Error,0.0,0.0,0.0,0.0,"Set 2: 0-0, 30-30 Kaylan Bigun Serving"
52,Kaylan Bigun,Maxi Homberg,40-30,0-0,1-0,,Ad,Kaylan Bigun,Maxi Homberg,"Univeristy of California, Los Angeles",Pepperdine University,2081830.0,2089250.0,7420.0,3,1-4,1,0,1st Serve In,Wide,Wide,,False,Near,,,148.1956802,224.1777176,,,Crosscourt,Backhand,,,Down the Line,,Kaylan Bigun,Winner,Kaylan Bigun,,False,Kaylan Bigun,,2,1,0,0,0,40,30,,,1,1st Serve In,Ad: Wide,,,Down the Line,,Winner,,,Crosscourt,Backhand,,,,0.0,0.0,0.0,1.0,"Set 2: 0-0, 40-30 Kaylan Bigun Serving"
53,Kaylan Bigun,Maxi Homberg,0-0,0-1,1-0,,Deuce,Maxi Homberg,Kaylan Bigun,"Univeristy of California, Los Angeles",Pepperdine University,2150429.0,2162850.0,12421.0,7,5-8,1,0,1st Serve In,T,T,,False,Near,,,-37.81064086,241.1330052,,,Down the Line,Forehand,Net,,Crosscourt,Backhand,Maxi Homberg,Error,Kaylan Bigun,,False,,,2,1,0,0,1,0,0,,,2,,,Down the Line,Forehand,,,,1st Serve In,Deuce: T,,,Crosscourt,Backhand,Error,2.0,2.0,1.0,0.0,"Set 2: 0-1, 0-0 Maxi Homberg Serving"
54,Kaylan Bigun,Maxi Homberg,0-15,0-1,1-0,,Ad,Maxi Homberg,Kaylan Bigun,"Univeristy of California, Los Angeles",Pepperdine University,2178399.0,2193060.0,14661.0,8,5-8,1,0,1st Serve In,T,T,,False,Near,,,19.83187883,242.814988,,,Crosscourt,Backhand,Net,,Down the Line,Forehand,Kaylan Bigun,Error,Maxi Homberg,,False,,,2,1,0,0,1,0,15,,,2,,,Crosscourt,Backhand,Down the Line,Forehand,Error,1st Serve In,Ad: T,,,,,,2.0,3.0,1.0,0.0,"Set 2: 0-1, 0-15 Maxi Homberg Serving"
55,Kaylan Bigun,Maxi Homberg,15-15,0-1,1-0,,Deuce,Maxi Homberg,Kaylan Bigun,"Univeristy of California, Los Angeles",Pepperdine University,2214600.0,2220600.0,6000.0,2,1-4,0,0,Double Fault,,Wide,,False,Near,,,-186.4549978,243.597091,,,Down the Line,Backhand,,,Down the Line,Backhand,Kaylan Bigun,Winner,Kaylan Bigun,,False,,,2,1,0,0,1,15,15,,,2,,,Down the Line,Backhand,Down the Line,Backhand,Winner,Double Fault,,,,,,,0.0,0.0,1.0,0.0,"Set 2: 0-1, 15-15 Maxi Homberg Serving"
56,Kaylan Bigun,Maxi Homberg,30-15,0-1,1-0,,Ad,Maxi Homberg,Kaylan Bigun,"Univeristy of California, Los Angeles",Pepperdine University,2240899.0,2247860.0,6961.0,3,1-4,1,0,1st Serve In,T,T,,False,Near,,,32.05278871,146.9572069,,,Crosscourt,Backhand,Net,,Down the Line,Forehand,Maxi Homberg,Error,Kaylan Bigun,,False,,,2,1,0,0,1,30,15,,,2,,,Crosscourt,Backhand,,,,1st Serve In,Ad: T,,,Down the Line,Forehand,Error,0.0,0.0,1.0,0.0,"Set 2: 0-1, 30-15 Maxi Homberg Serving"
57,Kaylan Bigun,Maxi Homberg,30-30,0-1,1-0,,Deuce,Maxi Homberg,Kaylan Bigun,"Univeristy of California, Los Angeles",Pepperdine University,2262229.0,2279600.0,17371.0,4,1-4,1,1,1st Serve In,T,T,T,False,Near,,,-13.49432962,244.1921752,-28.66777122,241.6205326,Down the Line,Forehand,Wide Left,,Crosscourt,Backhand,Kaylan Bigun,Error,Maxi Homberg,,False,,,2,1,0,0,1,30,30,,,2,,,Down the Line,Forehand,Crosscourt,Backhand,Error,1st Serve In,Deuce: T,,,,,,1.0,1.0,0.0,0.0,"Set 2: 0-1, 30-30 Maxi Homberg Serving"
58,Kaylan Bigun,Maxi Homberg,40-30,0-1,1-0,,Ad,Maxi Homberg,Kaylan Bigun,"Univeristy of California, Los Angeles",Pepperdine University,2297729.0,2310250.0,12521.0,7,5-8,1,0,1st Serve In,T,T,,False,Near,,,41.70358705,242.9375875,,,Crosscourt,Backhand,Wide Left,,Down the Line,Backhand,Maxi Homberg,Error,Kaylan Bigun,,False,,,2,1,0,0,1,40,30,,,2,,,Crosscourt,Backhand,,,,1st Serve In,Ad: T,,,Down the Line,Backhand,Error,1.0,2.0,2.0,0.0,"Set 2: 0-1, 40-30 Maxi Homberg Serving"
59,Kaylan Bigun,Maxi Homberg,40-40,0-1,1-0,,Deuce,Maxi Homberg,Kaylan Bigun,"Univeristy of California, Los Angeles",Pepperdine University,2327260.0,2345563.0,18303.0,2,1-4,0,1,2nd Serve In,Wide,Body,Wide,False,Near,,,-82.68313648,-3.158267717,-117.0,240.0,Crosscourt,Backhand,Net,Net,Crosscourt,Backhand,Kaylan Bigun,Winner,Kaylan Bigun,,True,,,2,1,0,0,1,40,40,,,2,,,Crosscourt,Backhand,Crosscourt,Backhand,Winner,2nd Serve In,Deuce: Wide,,,,,,0.0,0.0,1.0,0.0,"Set 2: 0-1, 40-40 Maxi Homberg Serving"
60,Kaylan Bigun,Maxi Homberg,0-0,0-2,1-0,,Deuce,Kaylan Bigun,Maxi Homberg,"Univeristy of California, Los Angeles",Pepperdine University,2383199.0,2391350.0,8151.0,3,1-4,1,0,1st Serve In,T,T,,False,Far,,,12.46067367,-190.9466262,,,Down the Line,Backhand,Long,,Down the Line,Forehand,Kaylan Bigun,Error,Maxi Homberg,,False,,,2,1,0,0,2,0,0,,,3,1st Serve In,Deuce: T,,,Down the Line,Forehand,Error,,,Down the Line,Backhand,,,,0.0,0.0,0.0,1.0,"Set 2: 0-2, 0-0 Kaylan Bigun Serving"
61,Kaylan Bigun,Maxi Homberg,0-15,0-2,1-0,,Ad,Kaylan Bigun,Maxi Homberg,"Univeristy of California, Los Angeles",Pepperdine University,2402260.0,2418459.0,16199.0,3,1-4,0,1,2nd Serve In,Body,Wide,Body,False,Far,,,-195.0295002,-193.8743548,-58.17892607,-204.2783574,Down the Line,Forehand,Long,,Down the Line,Forehand,Kaylan Bigun,Error,Maxi Homberg,,False,,,2,1,0,0,2,0,15,,,3,2nd Serve In,Ad: Body,,,Down the Line,Forehand,Error,,,Down the Line,Forehand,,,,0.0,0.0,0.0,1.0,"Set 2: 0-2, 0-15 Kaylan Bigun Serving"
62,Kaylan Bigun,Maxi Homberg,0-30,0-2,1-0,,Deuce,Kaylan Bigun,Maxi Homberg,"Univeristy of California, Los Angeles",Pepperdine University,2440780.0,2449209.0,8429.0,4,1-4,1,0,1st Serve In,T,T,,False,Far,,,33.30305118,-202.8281387,,,Crosscourt,Backhand,,,Down the Line,Backhand,Maxi Homberg,Winner,Maxi Homberg,,False,,,2,1,0,0,2,0,30,,,3,1st Serve In,Deuce: T,,,,,,,,Crosscourt,Backhand,Down the Line,Backhand,Winner,0.0,2.0,1.0,0.0,"Set 2: 0-2, 0-30 Kaylan Bigun Serving"
63,Kaylan Bigun,Maxi Homberg,0-40,0-2,1-0,,Ad,Kaylan Bigun,Maxi Homberg,"Univeristy of California, Los Angeles",Pepperdine University,2463810.0,2500429.0,36619.0,10,9-12,0,1,2nd Serve In,Body,T,Body,False,Far,,,-42.38819991,15.38185696,-65.09521544,-168.7510991,Down the Line,Forehand,Net,,Down the Line,Backhand,Maxi Homberg,Winner,Maxi Homberg,,True,Kaylan Bigun,,2,1,0,0,2,0,40,,,3,2nd Serve In,Ad: Body,,,,,,,,Down the Line,Forehand,Down the Line,Backhand,Winner,1.0,2.0,3.0,3.0,"Set 2: 0-2, 0-40 Kaylan Bigun Serving"
64,Kaylan Bigun,Maxi Homberg,15-40,0-2,1-0,,Deuce,Kaylan Bigun,Maxi Homberg,"Univeristy of California, Los Angeles",Pepperdine University,2522280.0,2538729.0,16449.0,3,1-4,0,1,2nd Serve In,Body,Body,Body,False,Far,,,82.45887467,19.86739939,66.16611439,-218.9563484,Crosscourt,Forehand,Net,,Down the Line,Backhand,Kaylan Bigun,Error,Maxi Homberg,,True,,,2,1,0,0,2,15,40,,,3,2nd Serve In,Deuce: Body,,,Down the Line,Backhand,Error,,,Crosscourt,Forehand,,,,0.0,1.0,0.0,0.0,"Set 2: 0-2, 15-40 Kaylan Bigun Serving"
65,Kaylan Bigun,Maxi Homberg,0-0,0-3,1-0,,Deuce,Maxi Homberg,Kaylan Bigun,"Univeristy of California, Los Angeles",Pepperdine University,2608709.0,2616739.0,8030.0,4,1-4,1,0,1st Serve In,T,T,,False,Far,,,44.73692038,-182.1465989,,,Crosscourt,Forehand,Wide Left,,Crosscourt,Backhand,Kaylan Bigun,Error,Maxi Homberg,,False,,,2,1,0,0,3,0,0,,,4,,,Crosscourt,Forehand,Crosscourt,Backhand,Error,1st Serve In,Deuce: T,,,,,,1.0,0.0,0.0,1.0,"Set 2: 0-3, 0-0 Maxi Homberg Serving"
66,Kaylan Bigun,Maxi Homberg,15-0,0-3,1-0,,Ad,Maxi Homberg,Kaylan Bigun,"Univeristy of California, Los Angeles",Pepperdine University,2630780.0,2636639.0,5859.0,2,1-4,1,0,1st Serve In,T,T,,False,Far,,,0.8815069991,-192.6094707,,,Down the Line,Backhand,Wide Left,Wide Left,Down the Line,Backhand,Kaylan Bigun,Error,Maxi Homberg,,False,,,2,1,0,0,3,15,0,,,4,,,Down the Line,Backhand,Down the Line,Backhand,Error,1st Serve In,Ad: T,,,,,,0.0,0.0,0.0,0.0,"Set 2: 0-3, 15-0 Maxi Homberg Serving"
67,Kaylan Bigun,Maxi Homberg,15-15,0-3,1-0,,Deuce,Maxi Homberg,Kaylan Bigun,"Univeristy of California, Los Angeles",Pepperdine University,2652909.0,2661280.0,8371.0,4,1-4,1,0,1st Serve In,Wide,Wide,,False,Far,,,124.5453029,-206.5177603,,,Crosscourt,Backhand,Wide Left,,Crosscourt,Forehand,Kaylan Bigun,Error,Maxi Homberg,,False,,,2,1,0,0,3,15,15,,,4,,,Crosscourt,Backhand,Crosscourt,Forehand,Error,1st Serve In,Deuce: Wide,,,,,,0.0,0.0,1.0,1.0,"Set 2: 0-3, 15-15 Maxi Homberg Serving"
68,Kaylan Bigun,Maxi Homberg,30-15,0-3,1-0,,Ad,Maxi Homberg,Kaylan Bigun,"Univeristy of California, Los Angeles",Pepperdine University,2676110.0,2696030.0,19920.0,6,5-8,0,1,2nd Serve In,Wide,Wide,Wide,False,Far,,,-153.5821358,-257.4183782,-105.2821741,-132.5701553,Crosscourt,Forehand,,,Down the Line,,Kaylan Bigun,Winner,Kaylan Bigun,,False,Kaylan Bigun,,2,1,0,0,3,30,15,,,4,,,Crosscourt,Forehand,Down the Line,,Winner,2nd Serve In,Ad: Wide,,,,,,3.0,0.0,0.0,2.0,"Set 2: 0-3, 30-15 Maxi Homberg Serving"
69,Kaylan Bigun,Maxi Homberg,30-30,0-3,1-0,,Deuce,Maxi Homberg,Kaylan Bigun,"Univeristy of California, Los Angeles",Pepperdine University,2721310.0,2727080.0,5770.0,2,1-4,1,0,1st Serve In,Wide,Wide,,False,Far,,,135.6396982,-188.0391459,,,Down the Line,Backhand,,,Down the Line,Backhand,Kaylan Bigun,Winner,Kaylan Bigun,,False,,,2,1,0,0,3,30,30,,,4,,,Down the Line,Backhand,Down the Line,Backhand,Winner,1st Serve In,Deuce: Wide,,,,,,1.0,0.0,0.0,0.0,"Set 2: 0-3, 30-30 Maxi Homberg Serving"
70,Kaylan Bigun,Maxi Homberg,30-40,0-3,1-0,,Ad,Maxi Homberg,Kaylan Bigun,"Univeristy of California, Los Angeles",Pepperdine University,2741879.0,2764379.0,22500.0,8,5-8,0,1,2nd Serve In,T,Wide,T,False,Far,,,-193.1166339,-295.0057524,-24.54447725,-140.5231245,Down the Line,Backhand,Wide Left,,Crosscourt,Backhand,Kaylan Bigun,Error,Maxi Homberg,,True,,,2,1,0,0,3,30,40,,,4,,,Down the Line,Backhand,Crosscourt,Backhand,Error,2nd Serve In,Ad: T,,,,,,1.0,1.0,2.0,2.0,"Set 2: 0-3, 30-40 Maxi Homberg Serving"
71,Kaylan Bigun,Maxi Homberg,0-0,1-3,1-0,,Deuce,Kaylan Bigun,Maxi Homberg,"Univeristy of California, Los Angeles",Pepperdine University,2795739.0,2831520.0,35781.0,18,13+,0,1,2nd Serve In,T,T,T,False,Near,,,-47.77082787,-164.3070101,-31.99690507,242.4573327,Crosscourt,Backhand,Net,,Crosscourt,Backhand,Maxi Homberg,Error,Kaylan Bigun,,False,,,2,1,0,1,3,0,0,,,5,2nd Serve In,Deuce: T,,,,,,,,Crosscourt,Backhand,Crosscourt,Backhand,Error,6.0,3.0,2.0,5.0,"Set 2: 1-3, 0-0 Kaylan Bigun Serving"
72,Kaylan Bigun,Maxi Homberg,15-0,1-3,1-0,,Ad,Kaylan Bigun,Maxi Homberg,"Univeristy of California, Los Angeles",Pepperdine University,2866939.0,2872969.0,6030.0,2,1-4,1,0,1st Serve In,T,T,,False,Near,,,23.5275864,243.9988025,,,Down the Line,Forehand,Net,Net,Down the Line,Forehand,Maxi Homberg,Error,Kaylan Bigun,,False,,,2,1,0,1,3,15,0,,,5,1st Serve In,Ad: T,,,,,,,,Down the Line,Forehand,Down the Line,Forehand,Error,0.0,0.0,0.0,0.0,"Set 2: 1-3, 15-0 Kaylan Bigun Serving"
73,Kaylan Bigun,Maxi Homberg,30-0,1-3,1-0,,Deuce,Kaylan Bigun,Maxi Homberg,"Univeristy of California, Los Angeles",Pepperdine University,2892310.0,2898010.0,5700.0,2,1-4,1,0,1st Serve In,Wide,Wide,,False,Near,,,-151.4584044,242.814988,,,Down the Line,Forehand,Net,Net,Down the Line,Forehand,Maxi Homberg,Error,Kaylan Bigun,,False,,,2,1,0,1,3,30,0,,,5,1st Serve In,Deuce: Wide,,,,,,,,Down the Line,Forehand,Down the Line,Forehand,Error,0.0,0.0,0.0,0.0,"Set 2: 1-3, 30-0 Kaylan Bigun Serving"
74,Kaylan Bigun,Maxi Homberg,40-0,1-3,1-0,,Ad,Kaylan Bigun,Maxi Homberg,"Univeristy of California, Los Angeles",Pepperdine University,2918340.0,2932719.0,14379.0,2,1-4,0,1,2nd Serve In,Wide,T,Wide,False,Near,,,9.348222878,416.9771161,135.5673939,191.0949475,Down the Line,Backhand,Long,Long,Down the Line,Backhand,Maxi Homberg,Error,Kaylan Bigun,,False,,,2,1,0,1,3,40,0,,,5,2nd Serve In,Ad: Wide,,,,,,,,Down the Line,Backhand,Down the Line,Backhand,Error,0.0,0.0,0.0,0.0,"Set 2: 1-3, 40-0 Kaylan Bigun Serving"
75,Kaylan Bigun,Maxi Homberg,0-0,2-3,1-0,,Deuce,Maxi Homberg,Kaylan Bigun,"Univeristy of California, Los Angeles",Pepperdine University,2999439.0,3013040.0,13601.0,2,1-4,0,1,2nd Serve In,T,T,T,False,Near,,,-1.707704506,427.9513233,-31.60112642,244.53896,Crosscourt,Forehand,Wide Left,Wide Left,Crosscourt,Forehand,Kaylan Bigun,Error,Maxi Homberg,,False,,,2,1,0,2,3,0,0,,,6,,,Crosscourt,Forehand,Crosscourt,Forehand,Error,2nd Serve In,Deuce: T,,,,,,0.0,0.0,0.0,0.0,"Set 2: 2-3, 0-0 Maxi Homberg Serving"
76,Kaylan Bigun,Maxi Homberg,0-15,2-3,1-0,,Ad,Maxi Homberg,Kaylan Bigun,"Univeristy of California, Los Angeles",Pepperdine University,3025239.0,3046520.0,21281.0,8,5-8,0,1,2nd Serve In,Wide,T,Wide,False,Near,,,27.36170166,-211.8827811,109.0537839,230.0435094,Crosscourt,Forehand,Net,,Down the Line,Forehand,Kaylan Bigun,Winner,Kaylan Bigun,,False,Kaylan Bigun,,2,1,0,2,3,0,15,,,6,,,Crosscourt,Forehand,Down the Line,Forehand,Winner,2nd Serve In,Ad: Wide,,,,,,0.0,0.0,4.0,3.0,"Set 2: 2-3, 0-15 Maxi Homberg Serving"
77,Kaylan Bigun,Maxi Homberg,0-30,2-3,1-0,,Deuce,Maxi Homberg,Kaylan Bigun,"Univeristy of California, Los Angeles",Pepperdine University,3073110.0,3085010.0,11900.0,6,5-8,1,0,1st Serve In,T,T,,False,Near,,,-35.4335958,162.6563375,,,Down the Line,Forehand,Long,,Down the Line,Backhand,Kaylan Bigun,Error,Maxi Homberg,,False,,,2,1,0,2,3,0,30,,,6,,,Down the Line,Forehand,Down the Line,Backhand,Error,1st Serve In,Deuce: T,,,,,,0.0,0.0,2.0,2.0,"Set 2: 2-3, 0-30 Maxi Homberg Serving"
78,Kaylan Bigun,Maxi Homberg,15-30,2-3,1-0,,Ad,Maxi Homberg,Kaylan Bigun,"Univeristy of California, Los Angeles",Pepperdine University,3102399.0,3115370.0,12971.0,1,1-4,0,0,Double Fault,Wide,Body,Wide,False,Near,,,54.08437773,353.9916612,192.309498,64.85583443,,,,,,,Maxi Homberg,,Kaylan Bigun,,False,,,2,1,0,2,3,15,30,,,6,,,,,,,,Double Fault,Ad: Wide,,,,,,0.0,0.0,0.0,0.0,"Set 2: 2-3, 15-30 Maxi Homberg Serving"
79,Kaylan Bigun,Maxi Homberg,15-40,2-3,1-0,,Deuce,Maxi Homberg,Kaylan Bigun,"Univeristy of California, Los Angeles",Pepperdine University,3137340.0,3146169.0,8829.0,4,1-4,1,0,1st Serve In,Body,Body,,False,Near,,,-69.79284777,234.518832,,,Crosscourt,Forehand,Long,,Crosscourt,Backhand,Kaylan Bigun,Error,Maxi Homberg,,True,,,2,1,0,2,3,15,40,,,6,,,Crosscourt,Forehand,Crosscourt,Backhand,Error,1st Serve In,Deuce: Body,,,,,,1.0,0.0,0.0,1.0,"Set 2: 2-3, 15-40 Maxi Homberg Serving"
80,Kaylan Bigun,Maxi Homberg,30-40,2-3,1-0,,Ad,Maxi Homberg,Kaylan Bigun,"Univeristy of California, Los Angeles",Pepperdine University,3163100.0,3186320.0,23220.0,10,9-12,0,1,2nd Serve In,T,T,T,False,Near,,,-9.199978128,-224.1957458,35.94734252,244.6583443,Crosscourt,Backhand,Net,,Crosscourt,Backhand,Kaylan Bigun,Error,Maxi Homberg,,True,,,2,1,0,2,3,30,40,,,6,,,Crosscourt,Backhand,Crosscourt,Backhand,Error,2nd Serve In,Ad: T,,,,,,0.0,2.0,4.0,2.0,"Set 2: 2-3, 30-40 Maxi Homberg Serving"
81,Kaylan Bigun,Maxi Homberg,0-0,3-3,1-0,,Deuce,Kaylan Bigun,Maxi Homberg,"Univeristy of California, Los Angeles",Pepperdine University,3225370.0,3234219.0,8849.0,4,1-4,1,0,1st Serve In,T,T,,False,Far,,,7.625667104,-199.19375,,,Crosscourt,Backhand,Net,,Crosscourt,Forehand,Maxi Homberg,Error,Kaylan Bigun,,False,,,2,1,0,3,3,0,0,,,7,1st Serve In,Deuce: T,,,,,,,,Crosscourt,Backhand,Crosscourt,Forehand,Error,0.0,0.0,1.0,1.0,"Set 2: 3-3, 0-0 Kaylan Bigun Serving"
82,Kaylan Bigun,Maxi Homberg,15-0,3-3,1-0,,Ad,Kaylan Bigun,Maxi Homberg,"Univeristy of California, Los Angeles",Pepperdine University,3261169.0,3269639.0,8470.0,4,1-4,1,0,1st Serve In,Wide,Wide,,False,Far,,,-123.0558508,-119.8438812,,,Crosscourt,Backhand,Net,,Down the Line,Forehand,Maxi Homberg,Error,Kaylan Bigun,,False,,,2,1,0,3,3,15,0,,,7,1st Serve In,Ad: Wide,,,,,,,,Crosscourt,Backhand,Down the Line,Forehand,Error,0.0,1.0,1.0,0.0,"Set 2: 3-3, 15-0 Kaylan Bigun Serving"
83,Kaylan Bigun,Maxi Homberg,30-0,3-3,1-0,,Deuce,Kaylan Bigun,Maxi Homberg,"Univeristy of California, Los Angeles",Pepperdine University,3288399.0,3298500.0,10101.0,6,5-8,1,0,1st Serve In,T,T,,False,Far,,,20.34727143,-171.8607174,,,Crosscourt,Backhand,Net,,Down the Line,Forehand,Maxi Homberg,Error,Kaylan Bigun,,False,Kaylan Bigun,,2,1,0,3,3,30,0,,,7,1st Serve In,Deuce: T,,,,,,,,Crosscourt,Backhand,Down the Line,Forehand,Error,0.0,0.0,2.0,2.0,"Set 2: 3-3, 30-0 Kaylan Bigun Serving"
84,Kaylan Bigun,Maxi Homberg,40-0,3-3,1-0,,Ad,Kaylan Bigun,Maxi Homberg,"Univeristy of California, Los Angeles",Pepperdine University,3325639.0,3342139.0,16500.0,2,1-4,0,1,2nd Serve In,Wide,T,Wide,False,Far,,,-12.69599738,-245.3920276,-151.8645177,-186.3755359,Down the Line,Backhand,Wide Left,Wide Left,Down the Line,Backhand,Maxi Homberg,Error,Kaylan Bigun,,False,,,2,1,0,3,3,40,0,,,7,2nd Serve In,Ad: Wide,,,,,,,,Down the Line,Backhand,Down the Line,Backhand,Error,0.0,0.0,0.0,0.0,"Set 2: 3-3, 40-0 Kaylan Bigun Serving"
85,Kaylan Bigun,Maxi Homberg,0-0,4-3,1-0,,Deuce,Maxi Homberg,Kaylan Bigun,"Univeristy of California, Los Angeles",Pepperdine University,3422100.0,3427066.0,4966.0,3,1-4,1,0,1st Serve In,T,T,,False,Far,,,45.60281059,-184.8219707,,,Down the Line,Forehand,Net,,Down the Line,Backhand,Maxi Homberg,Error,Kaylan Bigun,,False,,,2,1,0,4,3,0,0,,,8,,,Down the Line,Forehand,,,,1st Serve In,Deuce: T,,,Down the Line,Backhand,Error,1.0,0.0,0.0,0.0,"Set 2: 4-3, 0-0 Maxi Homberg Serving"
86,Kaylan Bigun,Maxi Homberg,0-15,4-3,1-0,,Ad,Maxi Homberg,Kaylan Bigun,"Univeristy of California, Los Angeles",Pepperdine University,3440070.0,3463770.0,23700.0,6,5-8,0,1,2nd Serve In,T,T,T,False,Far,,,-23.61462708,-246.1889053,-45.12864173,-186.765841,Down the Line,Backhand,Wide Left,,Crosscourt,Forehand,Kaylan Bigun,Error,Maxi Homberg,,False,,,2,1,0,4,3,0,15,,,8,,,Down the Line,Backhand,Crosscourt,Forehand,Error,2nd Serve In,Ad: T,,,,,,0.0,0.0,1.0,2.0,"Set 2: 4-3, 0-15 Maxi Homberg Serving"
87,Kaylan Bigun,Maxi Homberg,15-15,4-3,1-0,,Deuce,Maxi Homberg,Kaylan Bigun,"Univeristy of California, Los Angeles",Pepperdine University,3483199.0,3506969.0,23770.0,4,1-4,1,1,1st Serve In,Wide,Wide,Wide,False,Far,,,156.2904254,-201.0442257,116.241262,-148.4574913,Crosscourt,Backhand,,,Down the Line,Forehand,Kaylan Bigun,Winner,Kaylan Bigun,,False,,,2,1,0,4,3,15,15,,,8,,,Crosscourt,Backhand,Down the Line,Forehand,Winner,1st Serve In,Deuce: Wide,,,,,,1.0,0.0,1.0,0.0,"Set 2: 4-3, 15-15 Maxi Homberg Serving"
88,Kaylan Bigun,Maxi Homberg,15-30,4-3,1-0,,Ad,Maxi Homberg,Kaylan Bigun,"Univeristy of California, Los Angeles",Pepperdine University,3522899.0,3536629.0,13730.0,2,1-4,0,1,2nd Serve In,Wide,T,Wide,False,Far,,,-0.230921916,-285.5980862,-152.5868329,-201.5063758,Down the Line,Forehand,Wide Left,Wide Left,Down the Line,Forehand,Kaylan Bigun,Error,Maxi Homberg,,False,,,2,1,0,4,3,15,30,,,8,,,Down the Line,Forehand,Down the Line,Forehand,Error,2nd Serve In,Ad: Wide,,,,,,0.0,0.0,0.0,0.0,"Set 2: 4-3, 15-30 Maxi Homberg Serving"
89,Kaylan Bigun,Maxi Homberg,30-30,4-3,1-0,,Deuce,Maxi Homberg,Kaylan Bigun,"Univeristy of California, Los Angeles",Pepperdine University,3554800.0,3569370.0,14570.0,2,1-4,0,1,2nd Serve In,Wide,Body,Wide,False,Far,,,61.15308399,-301.7974519,105.6966317,-234.8667651,Down the Line,Backhand,,,Down the Line,Backhand,Kaylan Bigun,Winner,Kaylan Bigun,,False,,,2,1,0,4,3,30,30,,,8,,,Down the Line,Backhand,Down the Line,Backhand,Winner,2nd Serve In,Deuce: Wide,,,,,,1.0,0.0,0.0,0.0,"Set 2: 4-3, 30-30 Maxi Homberg Serving"
90,Kaylan Bigun,Maxi Homberg,30-40,4-3,1-0,,Ad,Maxi Homberg,Kaylan Bigun,"Univeristy of California, Los Angeles",Pepperdine University,3581030.0,3605030.0,24000.0,15,13+,1,0,1st Serve In,Wide,Wide,,False,Far,,,-156.3762413,-174.7723699,,,Crosscourt,Forehand,Wide Right,,Down the Line,Forehand,Maxi Homberg,Error,Kaylan Bigun,,True,,,2,1,0,4,3,30,40,,,8,,,Crosscourt,Forehand,,,,1st Serve In,Ad: Wide,,,Down the Line,Forehand,Error,0.0,1.0,6.0,5.0,"Set 2: 4-3, 30-40 Maxi Homberg Serving"
91,Kaylan Bigun,Maxi Homberg,0-0,5-3,1-0,,Deuce,Kaylan Bigun,Maxi Homberg,"Univeristy of California, Los Angeles",Pepperdine University,3637899.0,3656570.0,18671.0,4,1-4,0,1,2nd Serve In,T,Body,T,False,Near,,,-84.0287839,-153.4695647,-7.219592082,167.7202373,Crosscourt,Backhand,Net,,Down the Line,Forehand,Maxi Homberg,Error,Kaylan Bigun,,False,,,2,1,0,5,3,0,0,,,9,2nd Serve In,Deuce: T,,,,,,,,Crosscourt,Backhand,Down the Line,Forehand,Error,1.0,1.0,0.0,0.0,"Set 2: 5-3, 0-0 Kaylan Bigun Serving"
92,Kaylan Bigun,Maxi Homberg,15-0,5-3,1-0,,Ad,Kaylan Bigun,Maxi Homberg,"Univeristy of California, Los Angeles",Pepperdine University,3672929.0,3680030.0,7101.0,3,1-4,0,0,Double Fault,,Wide,,False,Near,,,126.1434985,245.7318843,,,Down the Line,Backhand,,,Down the Line,Forehand,Kaylan Bigun,Winner,Kaylan Bigun,,False,,,2,1,0,5,3,15,0,,,9,Double Fault,,,,Down the Line,Forehand,,,,Down the Line,Backhand,,,,0.0,0.0,1.0,1.0,"Set 2: 5-3, 15-0 Kaylan Bigun Serving"
93,Kaylan Bigun,Maxi Homberg,30-0,5-3,1-0,,Deuce,Kaylan Bigun,Maxi Homberg,"Univeristy of California, Los Angeles",Pepperdine University,3703030.0,3713419.0,10389.0,5,5-8,1,0,1st Serve In,Wide,Wide,,False,Near,,,-128.0330545,190.4651848,,,Crosscourt,Forehand,Wide Left,,Crosscourt,Forehand,Kaylan Bigun,Error,Maxi Homberg,,False,,,2,1,0,5,3,30,0,,,9,1st Serve In,Deuce: Wide,,,Crosscourt,Forehand,Error,,,Crosscourt,Forehand,,,,0.0,1.0,1.0,1.0,"Set 2: 5-3, 30-0 Kaylan Bigun Serving"
94,Kaylan Bigun,Maxi Homberg,30-15,5-3,1-0,,Ad,Kaylan Bigun,Maxi Homberg,"Univeristy of California, Los Angeles",Pepperdine University,3732969.0,3755929.0,22960.0,5,5-8,0,1,2nd Serve In,Wide,T,Wide,False,Near,,,-16.40020232,-1.065042651,112.9177165,244.8698217,Down the Line,Backhand,Net,,Down the Line,Backhand,Kaylan Bigun,Error,Maxi Homberg,,False,,,2,1,0,5,3,30,15,,,9,2nd Serve In,Ad: Wide,,,Down the Line,Backhand,Error,,,Down the Line,Backhand,,,,0.0,0.0,1.0,2.0,"Set 2: 5-3, 30-15 Kaylan Bigun Serving"
95,Kaylan Bigun,Maxi Homberg,30-30,5-3,1-0,,Deuce,Kaylan Bigun,Maxi Homberg,"Univeristy of California, Los Angeles",Pepperdine University,3779929.0,3785570.0,5641.0,2,1-4,1,0,1st Serve In,Wide,Wide,,False,Near,,,-149.8037128,239.6312664,,,Down the Line,Forehand,Net,Net,Down the Line,Forehand,Maxi Homberg,Error,Kaylan Bigun,,False,,,2,1,0,5,3,30,30,,,9,1st Serve In,Deuce: Wide,,,,,,,,Down the Line,Forehand,Down the Line,Forehand,Error,0.0,0.0,0.0,0.0,"Set 2: 5-3, 30-30 Kaylan Bigun Serving"
96,Kaylan Bigun,Maxi Homberg,40-30,5-3,1-0,,Ad,Kaylan Bigun,Maxi Homberg,"Univeristy of California, Los Angeles",Pepperdine University,3811399.0,3830729.0,19330.0,3,1-4,0,0,Double Fault,Wide,T,Wide,False,Near,,,-32.09018482,-232.977477,124.4442913,256.1962872,Down the Line,Backhand,Net,,Crosscourt,Backhand,Kaylan Bigun,Error,Maxi Homberg,,False,,,2,1,0,5,3,40,30,,,9,Double Fault,Ad: Wide,,,Crosscourt,Backhand,,,,Down the Line,Backhand,,,,0.0,0.0,0.0,1.0,"Set 2: 5-3, 40-30 Kaylan Bigun Serving"
