pointScore,gameScore,setScore,isPointStart,pointStartTime,isPointEnd,pointEndTime,pointNumber,isBreakPoint,shotInRally,side,serverName,serverFarNear,firstServeIn,firstServeZone,firstServeXCoord,firstServeYCoord,secondServeIn,secondServeZone,secondServeXCoord,secondServeYCoord,isAce,shotContactX,shotContactY,shotDirection,shotFhBh,isSlice,isVolley,isOverhead,isApproach,isDropshot,isExcitingPoint,atNetPlayer1,atNetPlayer2,isLob,shotLocationX,shotLocationY,isWinner,isErrorWideR,isErrorWideL,isErrorNet,isErrorLong,clientTeam,Date,Division,Event,lineupPosition,matchDetails,matchVenue,opponentTeam,player1Name,player2Name,player1Hand,player2Hand,Round,Surface,Notes,isTopspin,isFlat,isKick
15-0,0-0,0-0,1.0,57814,1.0,61681.0,,,1,Ad,Player1,Near,1.0,Wide,149.0,201.0,,,,,1.0,,,,,,,,,,,,,,,,1.0,,,,,,,,,,,,,,,,,,,,,,
30-0,0-0,0-0,1.0,61671,,,,,1,Deuce,Player1,Near,1.0,T,-18.0,212.0,,,,,,,,,,,,,,,,,,,,,,,,,,,,,,,,,,,,,,,,,,,
30-0,0-0,0-0,,81681,,,,,2,Deuce,Player1,Near,,,,,,,,,,-48.0,480.0,Down the Line,Backhand,,,,,,,,,,-29.0,-204.0,,,,,,,,,,,,,,,,,,,,,,,
30-0,0-0,0-0,,82877,,,,,3,Deuce,Player1,Near,,,,,,,,,,14.0,-431.0,Down the Line,Forehand,,,,,,,,,,70.0,276.0,,,,,,,,,,,,,,,,,,,,,,,
30-0,0-0,0-0,,84155,,,,,4,Ad,Player1,Near,,,,,,,,,,91.0,490.0,Crosscourt,Backhand,1.0,,,,,,,,,-80.0,-303.0,,,,,,,,,,,,,,,,,,,,,,,
30-0,0-0,0-0,,85964,,,,,5,Ad,Player1,Near,,,,,,,,,,-96.0,-474.0,Crosscourt,Forehand,,,,,,,,,,99.0,315.0,,,,,,,,,,,,,,,,,,,,,,,
30-0,0-0,0-0,,87340,1.0,90130.0,,,6,Ad,Player1,Near,,,,,,,,,,149.0,492.0,Crosscourt,Backhand,1.0,,,,,,,,,-80.0,-469.0,,,,,1.0,,,,,,,,,,,,,,,,,,
0-15,0-0,0-0,1.0,2285176,1.0,2300444.0,61.0,,1,Ad,Player1,Far,0.0,T,-5.0,4.0,0.0,T,-48.0,-246.0,,,,,,,,,,,,,,,,,,,,,,,,,,,,,,,,,,,,,,,
40-40,0-0,0-0,1.0,2421938,,,,1.0,1,Deuce,Player1,Far,1.0,T,22.0,-218.0,,,,,,,,,,,,,,,,,,,,,,,,,,,,,,,,,,,,,,,,,,,
40-40,0-0,0-0,,2425079,,,,,2,Deuce,Player1,Far,,,,,,,,,,46.0,-488.0,Crosscourt,Backhand,,,,,,,,,,-29.0,432.0,,,,,,,,,,,,,,,,,,,,,,,
40-40,0-0,0-0,,2426680,1.0,2427646.0,,,3,Deuce,Player1,Far,,,,,,,,,,-72.0,485.0,Crosscourt,Forehand,,,,,,,,,,131.0,-466.0,,,,,1.0,,,,,,,,,,,,,,,,,,
30-30,0-0,0-0,1.0,2648647,,,,,1,Deuce,Player1,Far,1.0,Body,88.0,-190.0,,,,,,,,,,,,,,,,,,,,,,,,,,,,,,,,,,,,,,,,,,,
30-30,0-0,0-0,,2651418,,,,,2,Deuce,Player1,Far,,,,,,,,,,173.0,-538.0,Crosscourt,Forehand,,,,,,,,,,-48.0,439.0,,,,,,,,,,,,,,,,,,,,,,,
30-30,0-0,0-0,,2653193,,,,,3,Deuce,Player1,Far,,,,,,,,,,-42.0,476.0,Crosscourt,Forehand,,,,,,,,,,80.0,-264.0,,,,,,,,,,,,,,,,,,,,,,,
30-30,0-0,0-0,,2654172,,,,,4,Deuce,Player1,Far,,,,,,,,,,155.0,-499.0,Down the Line,Backhand,,,,,,,,,,3.0,344.0,,,,,,,,,,,,,,,,,,,,,,,
30-30,0-0,0-0,,2655360,,,,,5,Deuce,Player1,Far,,,,,,,,,,-9.0,482.0,Down the Line,Forehand,,,,,,,,,,-83.0,-263.0,,,,,,,,,,,,,,,,,,,,,,,
30-30,0-0,0-0,,2656591,,,,,6,Ad,Player1,Far,,,,,,,,,,-94.0,-512.0,Down the Line,Forehand,,,,,,,,,,-51.0,280.0,,,,,,,,,,,,,,,,,,,,,,,
30-30,0-0,0-0,,2658299,,,,,7,Ad,Player1,Far,,,,,,,,,,5.0,458.0,Down the Line,Forehand,,,,,,,,,,141.0,-279.0,,,,,,,,,,,,,,,,,,,,,,,
30-30,0-0,0-0,,2660044,,,,,8,Deuce,Player1,Far,,,,,,,,,,245.0,-533.0,Down the Line,Backhand,1.0,,,,,,,,,98.0,227.0,,,,,,,,,,,,,,,,,,,,,,,
30-30,0-0,0-0,,2660685,,,,,9,Ad,Player1,Far,,,,,,,,,,26.0,415.0,Crosscourt,Backhand,1.0,,,,,,,,,-62.0,-260.0,,,,,,,,,,,,,,,,,,,,,,,
30-30,0-0,0-0,,2662445,,,,,10,Ad,Player1,Far,,,,,,,,,,-94.0,-477.0,Crosscourt,Forehand,1.0,,,,,,,,,31.0,294.0,,,,,,,,,,,,,,,,,,,,,,,
30-30,0-0,0-0,,2663917,,,,,11,Ad,Player1,Far,,,,,,,,,,95.0,479.0,Crosscourt,Forehand,,,,,,,,,,-81.0,-274.0,,,,,,,,,,,,,,,,,,,,,,,
30-30,0-0,0-0,,2664918,,,,,12,Ad,Player1,Far,,,,,,,,,,-129.0,-480.0,Crosscourt,Forehand,,,,,,,,,,45.0,302.0,,,,,,,,,,,,,,,,,,,,,,,
30-30,0-0,0-0,,2666049,,,,,13,Ad,Player1,Far,,,,,,,,,,55.0,474.0,Crosscourt,Backhand,,,,,,,,,,-73.0,-290.0,,,,,,,,,,,,,,,,,,,,,,,
30-30,0-0,0-0,,2667196,1.0,2668026.0,,,14,Ad,Player1,Far,,,,,,,,,,-70.0,-528.0,Down the Line,Forehand,,,,,,,,,,-11.0,-5.0,,,,1.0,,,,,,,,,,,,,,,,,,,
40-30,0-0,0-0,1.0,3796790,,,,,1,Ad,Player1,Near,1.0,Wide,143.0,230.0,,,,,,,,,,,,,,,,,,,,,,,,,,,,,,,,,,,,,,,,,,,
40-30,0-0,0-0,,3799083,,,,,2,Ad,Player1,Near,,,,,,,,,,250.0,485.0,Crosscourt,Backhand,1.0,,,,,,,,,-86.0,-271.0,,,,,,,,,,,,,,,,,,,,,,,
40-30,0-0,0-0,,3800593,1.0,3800603.0,,,3,Ad,Player1,Near,,,,,,,,,,-94.0,-395.0,Down the Line,Forehand,,,,1.0,,,,,,-134.0,-7.0,,,,1.0,,,,,,,,,,,,,,,,,,,
15-0,0-0,0-0,1.0,4388579,,,,,1,Ad,Player2,Far,1.0,Body,-80.0,-225.0,,,,,,,,,,,,,,,,,,,,,,,,,,,,,,,,,,,,,,,,,,,
15-0,0-0,0-0,,4391458,,,,,2,Ad,Player2,Far,,,,,,,,,,-154.0,-548.0,Crosscourt,Forehand,,,,,,,,,,24.0,265.0,,,,,,,,,,,,,,,,,,,,,,,
15-0,0-0,0-0,,4392156,,,,,3,Ad,Player2,Far,,,,,,,,,,110.0,467.0,Crosscourt,Forehand,,,,,,,,,,-90.0,-425.0,,,,,,,,,,,,,,,,,,,,,,,
15-0,0-0,0-0,,4393560,,,,,4,Ad,Player2,Far,,,,,,,,,,-149.0,-559.0,Crosscourt,Forehand,,,,,,,,,,64.0,409.0,,,,,,,,,,,,,,,,,,,,,,,
15-0,0-0,0-0,,4394610,1.0,4396472.0,,,5,Ad,Player2,Far,,,,,,,,,,144.0,470.0,Crosscourt,Forehand,,,,,1.0,,,,,-101.0,-49.0,1.0,,,,,,,,,,,,,,,,,,,,,,
