pointNumber,player1Name,player2Name,pointScore,gameScore,setScore,tiebreakScore,side,serverName,returnerName,clientTeam,opponentTeam,Position,pointEndPosition,Duration,rallyCount,rallyCountFreq,firstServeIn,secondServeIn,serveResult,serveInPlacement,firstServeZone,secondServeZone,isAce,serverFarNear,serverStartLocation,returnerStartLocation,firstServeXCoord,firstServeYCoord,secondServeXCoord,secondServeYCoord,returnDirection,returnFhBh,errorType,returnError,lastShotDirection,lastShotFhBh,lastShotHitBy,lastShotResult,pointWonBy,isExcitingPoint,isBreakPoint,atNetPlayer1,atNetPlayer2,setNum,player1SetScore,player2SetScore,player1GameScore,player2GameScore,player1PointScore,player2PointScore,player1TiebreakScore,player2TiebreakScore,gameNumber,player1ServeResult,player1ServePlacement,player1ReturnPlacement,player1ReturnFhBh,player1LastShotPlacement,player1LastShotFhBh,player1LastShotResult,player2ServeResult,player2ServePlacement,player2ReturnPlacement,player2ReturnFhBh,player2LastShotPlacement,player2LastShotFhBh,player2LastShotResult,deepCountPlayer1,deepCountPlayer2,shortCountPlayer1,shortCountPlayer2,Name
1,Kaylan Bigun,Nathan Trouve,0-0,0-0,0-0,,Deuce,Kaylan Bigun,Nathan Trouve,"Univeristy of California, Los Angeles",University of South California,25020.0,38549.0,13529.0,4,1-4,0,1,2nd Serve In,T,T,T,False,Near,,,-18.83692038,274.5993438,-29.84159558,148.9101487,Crosscourt,Backhand,Long,,Crosscourt,Forehand,Nathan Trouve,Error,Kaylan Bigun,,False,,,1,0,0,0,0,0,0,,,1,2nd Serve In,Deuce: T,,,,,,,,Crosscourt,Backhand,Crosscourt,Forehand,Error,0.0,1.0,0.0,0.0,"Set 1: 0-0, 0-0 Kaylan Bigun Serving"
2,Kaylan Bigun,Nathan Trouve,15-0,0-0,0-0,,Ad,Kaylan Bigun,Nathan Trouve,"Univeristy of California, Los Angeles",University of South California,57814.0,61681.0,3867.0,1,1-4,1,0,1st Serve In,Wide,Wide,,True,Near,,,149.0,201.0,,,,,,,,,Kaylan Bigun,,Kaylan Bigun,0.0,False,,,1,0,0,0,0,15,0,,,1,Ace,Ad: Wide,,,,,,,,,,,,,0.0,0.0,0.0,0.0,"Set 1: 0-0, 15-0 Kaylan Bigun Serving"
3,Kaylan Bigun,Nathan Trouve,30-0,0-0,0-0,,Deuce,Kaylan Bigun,Nathan Trouve,"Univeristy of California, Los Angeles",University of South California,61671.0,90130.0,28459.0,6,5-8,1,0,1st Serve In,T,T,,False,Near,,,-18.0,212.0,,,Down the Line,Backhand,Long,,Crosscourt,Backhand,Nathan Trouve,Error,Kaylan Bigun,0.0,False,,,1,0,0,0,0,30,0,,,1,1st Serve In,Deuce: T,,,,,,,,Down the Line,Backhand,Crosscourt,Backhand,Error,0.0,0.0,2.0,2.0,"Set 1: 0-0, 30-0 Kaylan Bigun Serving"
4,Kaylan Bigun,Nathan Trouve,40-0,0-0,0-0,,Ad,Kaylan Bigun,Nathan Trouve,"Univeristy of California, Los Angeles",University of South California,104949.0,105620.0,671.0,2,1-4,0,0,Double Fault,Body,,Body,False,Near,,,,,87.42819335,296.7830435,Crosscourt,Forehand,Wide Right,Wide Right,Crosscourt,Forehand,Nathan Trouve,Error,Kaylan Bigun,0.0,False,,,1,0,0,0,0,40,0,,,1,Double Fault,Ad: Body,,,,,,,,Crosscourt,Forehand,Crosscourt,Forehand,Error,0.0,0.0,0.0,0.0,"Set 1: 0-0, 40-0 Kaylan Bigun Serving"
5,Kaylan Bigun,Nathan Trouve,0-0,1-0,0-0,,Deuce,Nathan Trouve,Kaylan Bigun,"Univeristy of California, Los Angeles",University of South California,156149.0,158580.0,2431.0,3,1-4,1,0,1st Serve In,Wide,Wide,,False,Near,,,-131.5700295,204.7052548,,,Down the Line,Backhand,Wide Right,,Crosscourt,Forehand,Nathan Trouve,Error,Kaylan Bigun,0.0,False,,,1,0,0,1,0,0,0,,,2,,,Down the Line,Backhand,,,,1st Serve In,Deuce: Wide,,,Crosscourt,Forehand,Error,0.0,0.0,1.0,0.0,"Set 1: 1-0, 0-0 Nathan Trouve Serving"
6,Kaylan Bigun,Nathan Trouve,0-15,1-0,0-0,,Ad,Nathan Trouve,Kaylan Bigun,"Univeristy of California, Los Angeles",University of South California,184279.0,196669.0,12390.0,4,1-4,0,1,2nd Serve In,T,Wide,T,False,Near,,,110.9419619,245.3416557,48.92708333,194.3081802,Down the Line,Backhand,Net,,Down the Line,Backhand,Kaylan Bigun,Error,Nathan Trouve,0.0,False,,,1,0,0,1,0,0,15,,,2,,,Down the Line,Backhand,Down the Line,Backhand,Error,2nd Serve In,Ad: T,,,,,,0.0,0.0,1.0,0.0,"Set 1: 1-0, 0-15 Nathan Trouve Serving"
7,Kaylan Bigun,Nathan Trouve,15-15,1-0,0-0,,Deuce,Nathan Trouve,Kaylan Bigun,"Univeristy of California, Los Angeles",University of South California,221880.0,222669.0,789.0,2,1-4,0,0,Double Fault,T,,T,False,Near,,,,,-44.91842738,365.1583607,Down the Line,Forehand,Net,Net,Down the Line,Forehand,Kaylan Bigun,Error,Nathan Trouve,0.0,False,,,1,0,0,1,0,15,15,,,2,,,Down the Line,Forehand,Down the Line,Forehand,Error,Double Fault,Deuce: T,,,,,,0.0,0.0,0.0,0.0,"Set 1: 1-0, 15-15 Nathan Trouve Serving"
8,Kaylan Bigun,Nathan Trouve,30-15,1-0,0-0,,Ad,Nathan Trouve,Kaylan Bigun,"Univeristy of California, Los Angeles",University of South California,241380.0,,,1,1-4,0,0,Double Fault,Body,T,Body,False,Near,,,-21.99775262,-202.6930993,80.29923994,285.5220691,,,Net,,,,Nathan Trouve,,Kaylan Bigun,0.0,False,,,1,0,0,1,0,30,15,,,2,,,,,,,,Double Fault,Ad: Body,,,,,,0.0,0.0,0.0,0.0,"Set 1: 1-0, 30-15 Nathan Trouve Serving"
9,Kaylan Bigun,Nathan Trouve,30-30,1-0,0-0,,Deuce,Nathan Trouve,Kaylan Bigun,"Univeristy of California, Los Angeles",University of South California,269149.0,282019.0,12870.0,11,9-12,1,0,1st Serve In,T,T,,False,Near,,,-50.70632655,242.0953521,,,Down the Line,Forehand,Wide Right,,Crosscourt,Backhand,Nathan Trouve,Error,Kaylan Bigun,0.0,False,,,1,0,0,1,0,30,30,,,2,,,Down the Line,Forehand,,,,1st Serve In,Deuce: T,,,Crosscourt,Backhand,Error,3.0,1.0,2.0,3.0,"Set 1: 1-0, 30-30 Nathan Trouve Serving"
10,Kaylan Bigun,Nathan Trouve,30-40,1-0,0-0,,Ad,Nathan Trouve,Kaylan Bigun,"Univeristy of California, Los Angeles",University of South California,299350.0,311119.0,11769.0,3,1-4,0,1,2nd Serve In,Wide,T,Wide,False,Near,,,-18.43099847,314.6113408,105.2585575,243.938785,Crosscourt,Forehand,Long,,Crosscourt,Forehand,Nathan Trouve,Error,Kaylan Bigun,0.0,True,,,1,0,0,1,0,30,40,,,2,,,Crosscourt,Forehand,,,,2nd Serve In,Ad: Wide,,,Crosscourt,Forehand,Error,1.0,0.0,0.0,0.0,"Set 1: 1-0, 30-40 Nathan Trouve Serving"
11,Kaylan Bigun,Nathan Trouve,0-0,2-0,0-0,,Deuce,Kaylan Bigun,Nathan Trouve,"Univeristy of California, Los Angeles",University of South California,339079.0,339609.0,530.0,2,1-4,1,0,1st Serve In,T,T,,False,Far,,,34.66044948,-140.8840715,,,Down the Line,Backhand,,,Down the Line,Backhand,Nathan Trouve,Winner,Nathan Trouve,0.0,False,,,1,0,0,2,0,0,0,,,3,1st Serve In,Deuce: T,,,,,,,,Down the Line,Backhand,Down the Line,Backhand,Winner,0.0,1.0,0.0,0.0,"Set 1: 2-0, 0-0 Kaylan Bigun Serving"
12,Kaylan Bigun,Nathan Trouve,0-15,2-0,0-0,,Ad,Kaylan Bigun,Nathan Trouve,"Univeristy of California, Los Angeles",University of South California,356859.0,359279.0,2420.0,3,1-4,1,0,1st Serve In,Wide,Wide,,False,Far,,,-144.0359471,-95.21783683,,,Crosscourt,Backhand,Wide Left,,Down the Line,Forehand,Kaylan Bigun,Error,Nathan Trouve,0.0,False,,,1,0,0,2,0,0,15,,,3,1st Serve In,Ad: Wide,,,Down the Line,Forehand,Error,,,Crosscourt,Backhand,,,,0.0,0.0,0.0,1.0,"Set 1: 2-0, 0-15 Kaylan Bigun Serving"
13,Kaylan Bigun,Nathan Trouve,0-30,2-0,0-0,,Deuce,Kaylan Bigun,Nathan Trouve,"Univeristy of California, Los Angeles",University of South California,393049.0,409359.0,16310.0,6,5-8,0,1,2nd Serve In,T,T,T,False,Far,,,19.9148622,-246.8952592,40.89434602,-155.4152723,Down the Line,Backhand,Wide Left,,Down the Line,Backhand,Nathan Trouve,Error,Kaylan Bigun,0.0,False,,,1,0,0,2,0,0,30,,,3,2nd Serve In,Deuce: T,,,,,,,,Down the Line,Backhand,Down the Line,Backhand,Error,0.0,0.0,2.0,2.0,"Set 1: 2-0, 0-30 Kaylan Bigun Serving"
14,Kaylan Bigun,Nathan Trouve,15-30,2-0,0-0,,Ad,Kaylan Bigun,Nathan Trouve,"Univeristy of California, Los Angeles",University of South California,434079.0,452950.0,18871.0,6,5-8,0,1,2nd Serve In,T,T,T,False,Far,,,30.16434274,-164.4760007,-32.62666776,-181.3329178,Down the Line,Forehand,Net,,Crosscourt,Forehand,Nathan Trouve,Error,Kaylan Bigun,0.0,False,,,1,0,0,2,0,15,30,,,3,2nd Serve In,Ad: T,,,,,,,,Down the Line,Forehand,Crosscourt,Forehand,Error,0.0,0.0,1.0,2.0,"Set 1: 2-0, 15-30 Kaylan Bigun Serving"
15,Kaylan Bigun,Nathan Trouve,15-40,2-0,0-0,,Deuce,Kaylan Bigun,Nathan Trouve,"Univeristy of California, Los Angeles",University of South California,481179.0,491450.0,10271.0,2,1-4,0,0,Double Fault,Wide,Wide,Wide,False,Far,,,179.8595801,-205.126449,179.7088091,-210.3442585,Down the Line,Forehand,,,Down the Line,Forehand,Nathan Trouve,Winner,Nathan Trouve,0.0,True,,,1,0,0,2,0,15,40,,,3,Double Fault,Deuce: Wide,,,,,,,,Down the Line,Forehand,Down the Line,Forehand,Winner,0.0,1.0,0.0,0.0,"Set 1: 2-0, 15-40 Kaylan Bigun Serving"
16,Kaylan Bigun,Nathan Trouve,30-40,2-0,0-0,,Ad,Kaylan Bigun,Nathan Trouve,"Univeristy of California, Los Angeles",University of South California,519909.0,536359.0,16450.0,2,1-4,0,1,2nd Serve In,Body,T,Body,False,Far,,,-40.81825241,19.56838364,-75.42542104,-141.8513944,Down the Line,Forehand,Net,Net,Down the Line,Forehand,Nathan Trouve,Error,Kaylan Bigun,0.0,True,,,1,0,0,2,0,30,40,,,3,2nd Serve In,Ad: Body,,,,,,,,Down the Line,Forehand,Down the Line,Forehand,Error,0.0,0.0,0.0,0.0,"Set 1: 2-0, 30-40 Kaylan Bigun Serving"
17,Kaylan Bigun,Nathan Trouve,40-40,2-0,0-0,,Deuce,Kaylan Bigun,Nathan Trouve,"Univeristy of California, Los Angeles",University of South California,570479.0,575460.0,4981.0,5,5-8,1,0,1st Serve In,T,T,,False,Far,,,23.7837325,-139.7881015,,,Down the Line,Backhand,Long,,Down the Line,Forehand,Kaylan Bigun,Error,Nathan Trouve,0.0,True,,,1,0,0,2,0,40,40,,,3,1st Serve In,Deuce: T,,,Down the Line,Forehand,Error,,,Down the Line,Backhand,,,,0.0,0.0,1.0,2.0,"Set 1: 2-0, 40-40 Kaylan Bigun Serving"
18,Kaylan Bigun,Nathan Trouve,0-0,2-1,0-0,,Deuce,Nathan Trouve,Kaylan Bigun,"Univeristy of California, Los Angeles",University of South California,664140.0,665580.0,1440.0,2,1-4,1,0,1st Serve In,T,T,,False,Far,,,29.95286527,-189.7099519,,,Down the Line,Forehand,Long,Long,Down the Line,Forehand,Kaylan Bigun,Error,Nathan Trouve,0.0,False,,,1,0,0,2,1,0,0,,,4,,,Down the Line,Forehand,Down the Line,Forehand,Error,1st Serve In,Deuce: T,,,,,,0.0,0.0,0.0,0.0,"Set 1: 2-1, 0-0 Nathan Trouve Serving"
19,Kaylan Bigun,Nathan Trouve,15-0,2-1,0-0,,Ad,Nathan Trouve,Kaylan Bigun,"Univeristy of California, Los Angeles",University of South California,677309.0,681109.0,3800.0,4,1-4,1,0,1st Serve In,T,T,,False,Far,,,-28.96556212,-197.308213,,,Down the Line,Backhand,Long,,Crosscourt,Backhand,Kaylan Bigun,Error,Nathan Trouve,0.0,False,,,1,0,0,2,1,15,0,,,4,,,Down the Line,Backhand,Crosscourt,Backhand,Error,1st Serve In,Ad: T,,,,,,0.0,1.0,1.0,0.0,"Set 1: 2-1, 15-0 Nathan Trouve Serving"
20,Kaylan Bigun,Nathan Trouve,30-0,2-1,0-0,,Deuce,Nathan Trouve,Kaylan Bigun,"Univeristy of California, Los Angeles",University of South California,695479.0,700559.0,5080.0,5,5-8,1,0,1st Serve In,Wide,Wide,,False,Far,,,135.3859252,-132.6841426,,,Down the Line,Backhand,Net,,Crosscourt,Forehand,Nathan Trouve,Error,Kaylan Bigun,0.0,False,,,1,0,0,2,1,30,0,,,4,,,Down the Line,Backhand,,,,1st Serve In,Deuce: Wide,,,Crosscourt,Forehand,Error,1.0,0.0,1.0,1.0,"Set 1: 2-1, 30-0 Nathan Trouve Serving"
21,Kaylan Bigun,Nathan Trouve,30-15,2-1,0-0,,Ad,Nathan Trouve,Kaylan Bigun,"Univeristy of California, Los Angeles",University of South California,721539.0,731940.0,10401.0,1,1-4,0,0,Double Fault,T,Wide,T,False,Far,,,-169.2454396,-245.9153051,-39.43520888,19.26932962,,,Net,,,,Nathan Trouve,,Kaylan Bigun,0.0,False,,,1,0,0,2,1,30,15,,,4,,,,,,,,Double Fault,Ad: T,,,,,,0.0,0.0,0.0,0.0,"Set 1: 2-1, 30-15 Nathan Trouve Serving"
22,Kaylan Bigun,Nathan Trouve,30-30,2-1,0-0,,Deuce,Nathan Trouve,Kaylan Bigun,"Univeristy of California, Los Angeles",University of South California,755340.0,765880.0,10540.0,2,1-4,0,1,2nd Serve In,Wide,Wide,Wide,False,Far,,,177.7250547,-208.1423666,105.6115431,-150.6927986,Crosscourt,Backhand,Long,Long,Crosscourt,Backhand,Kaylan Bigun,Error,Nathan Trouve,0.0,False,,,1,0,0,2,1,30,30,,,4,,,Crosscourt,Backhand,Crosscourt,Backhand,Error,2nd Serve In,Deuce: Wide,,,,,,0.0,0.0,0.0,0.0,"Set 1: 2-1, 30-30 Nathan Trouve Serving"
23,Kaylan Bigun,Nathan Trouve,40-30,2-1,0-0,,Ad,Nathan Trouve,Kaylan Bigun,"Univeristy of California, Los Angeles",University of South California,791210.0,804880.0,13670.0,4,1-4,1,0,1st Serve In,Body,Body,,False,Far,,,-70.19938211,-180.823037,,,Crosscourt,Forehand,Long,,Crosscourt,Forehand,Kaylan Bigun,Error,Nathan Trouve,0.0,False,,,1,0,0,2,1,40,30,,,4,,,Crosscourt,Forehand,Crosscourt,Forehand,Error,1st Serve In,Ad: Body,,,,,,0.0,0.0,0.0,0.0,"Set 1: 2-1, 40-30 Nathan Trouve Serving"
24,Kaylan Bigun,Nathan Trouve,40-40,2-1,0-0,,Deuce,Nathan Trouve,Kaylan Bigun,"Univeristy of California, Los Angeles",University of South California,815809.0,818479.0,2670.0,3,1-4,1,0,1st Serve In,T,T,,False,Far,,,51.64984143,-157.0271325,,,Crosscourt,Forehand,Net,,Down the Line,Forehand,Nathan Trouve,Error,Kaylan Bigun,0.0,True,,,1,0,0,2,1,40,40,,,4,,,Crosscourt,Forehand,,,,1st Serve In,Deuce: T,,,Down the Line,Forehand,Error,0.0,0.0,1.0,0.0,"Set 1: 2-1, 40-40 Nathan Trouve Serving"
25,Kaylan Bigun,Nathan Trouve,0-0,3-1,0-0,,Deuce,Kaylan Bigun,Nathan Trouve,"Univeristy of California, Los Angeles",University of South California,847479.0,862960.0,15481.0,6,5-8,0,0,Double Fault,T,Body,T,False,Near,,,86.31852034,-216.9750437,-2.805396982,283.6495462,Down the Line,Backhand,Net,,Crosscourt,Forehand,Nathan Trouve,Error,Kaylan Bigun,0.0,False,Kaylan Bigun,,1,0,0,3,1,0,0,,,5,Double Fault,Deuce: T,,,,,,,,Down the Line,Backhand,Crosscourt,Forehand,Error,0.0,0.0,1.0,2.0,"Set 1: 3-1, 0-0 Kaylan Bigun Serving"
26,Kaylan Bigun,Nathan Trouve,15-0,3-1,0-0,,Ad,Kaylan Bigun,Nathan Trouve,"Univeristy of California, Los Angeles",University of South California,896340.0,897039.0,699.0,2,1-4,1,0,1st Serve In,T,T,,False,Near,,,32.56955927,241.93972,,,Down the Line,Forehand,Net,Net,Down the Line,Forehand,Nathan Trouve,Error,Kaylan Bigun,0.0,False,,,1,0,0,3,1,15,0,,,5,1st Serve In,Ad: T,,,,,,,,Down the Line,Forehand,Down the Line,Forehand,Error,0.0,0.0,0.0,0.0,"Set 1: 3-1, 15-0 Kaylan Bigun Serving"
27,Kaylan Bigun,Nathan Trouve,30-0,3-1,0-0,,Deuce,Kaylan Bigun,Nathan Trouve,"Univeristy of California, Los Angeles",University of South California,916409.0,928909.0,12500.0,3,1-4,0,0,Double Fault,Wide,T,Wide,False,Near,,,-27.20109361,366.0877515,-134.4102581,245.3804298,Crosscourt,Forehand,Long,,Down the Line,Backhand,Kaylan Bigun,Error,Nathan Trouve,0.0,False,,,1,0,0,3,1,30,0,,,5,Double Fault,Deuce: Wide,,,Down the Line,Backhand,,,,Crosscourt,Forehand,,,,0.0,0.0,0.0,1.0,"Set 1: 3-1, 30-0 Kaylan Bigun Serving"
28,Kaylan Bigun,Nathan Trouve,30-15,3-1,0-0,,Ad,Kaylan Bigun,Nathan Trouve,"Univeristy of California, Los Angeles",University of South California,950739.0,956679.0,5940.0,6,5-8,1,0,1st Serve In,T,T,,False,Near,,,15.79658246,242.0953521,,,Down the Line,Forehand,Wide Left,,Crosscourt,Forehand,Nathan Trouve,Error,Kaylan Bigun,0.0,False,,,1,0,0,3,1,30,15,,,5,1st Serve In,Ad: T,,,,,,,,Down the Line,Forehand,Crosscourt,Forehand,Error,1.0,0.0,1.0,2.0,"Set 1: 3-1, 30-15 Kaylan Bigun Serving"
29,Kaylan Bigun,Nathan Trouve,40-15,3-1,0-0,,Deuce,Kaylan Bigun,Nathan Trouve,"Univeristy of California, Los Angeles",University of South California,978010.0,991969.0,13959.0,2,1-4,0,0,Double Fault,Body,T,Body,False,Near,,,15.36620188,244.4545604,-90.70772091,272.6291776,Crosscourt,Forehand,,,Crosscourt,Forehand,Nathan Trouve,Winner,Nathan Trouve,0.0,False,,,1,0,0,3,1,40,15,,,5,Double Fault,Deuce: Body,,,,,,,,Crosscourt,Forehand,Crosscourt,Forehand,Winner,0.0,0.0,0.0,1.0,"Set 1: 3-1, 40-15 Kaylan Bigun Serving"
30,Kaylan Bigun,Nathan Trouve,40-30,3-1,0-0,,Ad,Kaylan Bigun,Nathan Trouve,"Univeristy of California, Los Angeles",University of South California,1016409.0,1018710.0,2301.0,3,1-4,1,0,1st Serve In,Wide,Wide,,False,Near,,,139.8705873,243.7430392,,,Crosscourt,Backhand,Wide Left,,Down the Line,Forehand,Kaylan Bigun,Error,Nathan Trouve,0.0,False,,,1,0,0,3,1,40,30,,,5,1st Serve In,Ad: Wide,,,Down the Line,Forehand,Error,,,Crosscourt,Backhand,,,,0.0,0.0,0.0,1.0,"Set 1: 3-1, 40-30 Kaylan Bigun Serving"
31,Kaylan Bigun,Nathan Trouve,40-40,3-1,0-0,,Deuce,Kaylan Bigun,Nathan Trouve,"Univeristy of California, Los Angeles",University of South California,1045439.0,1057069.0,11630.0,2,1-4,0,0,Double Fault,T,Wide,T,False,Near,,,-159.2445647,169.5695647,-22.92833005,247.0046916,Down the Line,Backhand,Wide Right,Wide Right,Down the Line,Backhand,Nathan Trouve,Error,Kaylan Bigun,0.0,True,,,1,0,0,3,1,40,40,,,5,Double Fault,Deuce: T,,,,,,,,Down the Line,Backhand,Down the Line,Backhand,Error,0.0,0.0,0.0,0.0,"Set 1: 3-1, 40-40 Kaylan Bigun Serving"
32,Kaylan Bigun,Nathan Trouve,0-0,3-2,0-0,,Deuce,Nathan Trouve,Kaylan Bigun,"Univeristy of California, Los Angeles",University of South California,1148040.0,1152010.0,3970.0,3,1-4,1,0,1st Serve In,Wide,Wide,,False,Near,,,-148.4197124,190.0075897,,,Down the Line,Backhand,Long,,Down the Line,Forehand,Nathan Trouve,Error,Kaylan Bigun,0.0,False,,,1,0,0,3,2,0,0,,,6,,,Down the Line,Backhand,,,,1st Serve In,Deuce: Wide,,,Down the Line,Forehand,Error,0.0,0.0,1.0,0.0,"Set 1: 3-2, 0-0 Nathan Trouve Serving"
33,Kaylan Bigun,Nathan Trouve,0-15,3-2,0-0,,Ad,Nathan Trouve,Kaylan Bigun,"Univeristy of California, Los Angeles",University of South California,1170540.0,1171609.0,1069.0,2,1-4,1,0,1st Serve In,T,T,,False,Near,,,11.31505906,243.6349464,,,Down the Line,Backhand,Net,Net,Down the Line,Backhand,Kaylan Bigun,Error,Nathan Trouve,0.0,False,,,1,0,0,3,2,0,15,,,6,,,Down the Line,Backhand,Down the Line,Backhand,Error,1st Serve In,Ad: T,,,,,,0.0,0.0,0.0,0.0,"Set 1: 3-2, 0-15 Nathan Trouve Serving"
34,Kaylan Bigun,Nathan Trouve,15-15,3-2,0-0,,Deuce,Nathan Trouve,Kaylan Bigun,"Univeristy of California, Los Angeles",University of South California,1188369.0,1189109.0,740.0,2,1-4,0,0,Double Fault,,Wide,,False,Near,,,-133.3193406,259.4723316,,,Crosscourt,Backhand,Wide Left,Wide Left,Crosscourt,Backhand,Kaylan Bigun,Error,Nathan Trouve,0.0,False,,,1,0,0,3,2,15,15,,,6,,,Crosscourt,Backhand,Crosscourt,Backhand,Error,Double Fault,,,,,,,0.0,0.0,0.0,0.0,"Set 1: 3-2, 15-15 Nathan Trouve Serving"
35,Kaylan Bigun,Nathan Trouve,30-15,3-2,0-0,,Ad,Nathan Trouve,Kaylan Bigun,"Univeristy of California, Los Angeles",University of South California,1208239.0,1213109.0,4870.0,5,5-8,1,0,1st Serve In,Wide,Wide,,False,Near,,,155.848294,243.7430392,,,Crosscourt,Forehand,Net,,Crosscourt,Forehand,Nathan Trouve,Error,Kaylan Bigun,0.0,False,,,1,0,0,3,2,30,15,,,6,,,Crosscourt,Forehand,,,,1st Serve In,Ad: Wide,,,Crosscourt,Forehand,Error,0.0,0.0,2.0,1.0,"Set 1: 3-2, 30-15 Nathan Trouve Serving"
36,Kaylan Bigun,Nathan Trouve,30-30,3-2,0-0,,Deuce,Nathan Trouve,Kaylan Bigun,"Univeristy of California, Los Angeles",University of South California,1230540.0,1239310.0,8770.0,1,1-4,0,0,Double Fault,T,T,T,False,Near,,,-7.45904965,248.1236658,-26.01088692,246.1559875,,,,,,,Nathan Trouve,,Kaylan Bigun,,False,,,1,0,0,3,2,30,30,,,6,,,,,,,,Double Fault,Deuce: T,,,,,,0.0,0.0,0.0,0.0,"Set 1: 3-2, 30-30 Nathan Trouve Serving"
37,Kaylan Bigun,Nathan Trouve,30-40,3-2,0-0,,Ad,Nathan Trouve,Kaylan Bigun,"Univeristy of California, Los Angeles",University of South California,1267109.0,1278410.0,11301.0,10,9-12,0,0,Double Fault,,Wide,,False,Near,,,106.2425306,328.8810367,,,Down the Line,Forehand,Wide Left,,Down the Line,Forehand,Kaylan Bigun,Error,Nathan Trouve,,True,,,1,0,0,3,2,30,40,,,6,,,Down the Line,Forehand,Down the Line,Forehand,Error,Double Fault,,,,,,,1.0,1.0,3.0,3.0,"Set 1: 3-2, 30-40 Nathan Trouve Serving"
38,Kaylan Bigun,Nathan Trouve,40-40,3-2,0-0,,Deuce,Nathan Trouve,Kaylan Bigun,"Univeristy of California, Los Angeles",University of South California,1300969.0,1310040.0,9071.0,1,1-4,0,0,Double Fault,T,T,T,False,Near,,,-2.793263342,245.46104,-51.74239392,248.0102143,,,,,,,Nathan Trouve,,Kaylan Bigun,,True,,,1,0,0,3,2,40,40,,,6,,,,,,,,Double Fault,Deuce: T,,,,,,0.0,0.0,0.0,0.0,"Set 1: 3-2, 40-40 Nathan Trouve Serving"
39,Kaylan Bigun,Nathan Trouve,0-0,4-2,0-0,,Deuce,Kaylan Bigun,Nathan Trouve,"Univeristy of California, Los Angeles",University of South California,1353569.0,1354569.0,1000.0,2,1-4,1,0,1st Serve In,T,T,,False,Far,,,32.74455927,-162.8465715,,,Down the Line,Backhand,Net,Net,Down the Line,Backhand,Nathan Trouve,Error,Kaylan Bigun,,False,,,1,0,0,4,2,0,0,,,7,1st Serve In,Deuce: T,,,,,,,,Down the Line,Backhand,Down the Line,Backhand,Error,0.0,0.0,0.0,0.0,"Set 1: 4-2, 0-0 Kaylan Bigun Serving"
40,Kaylan Bigun,Nathan Trouve,15-0,4-2,0-0,,Ad,Kaylan Bigun,Nathan Trouve,"Univeristy of California, Los Angeles",University of South California,1376000.0,1385400.0,9400.0,2,1-4,0,1,2nd Serve In,Body,T,Body,False,Far,,,-26.81970691,144.0480424,-81.21465989,-177.4493493,Down the Line,Backhand,Net,Net,Down the Line,Backhand,Nathan Trouve,Error,Kaylan Bigun,,False,,,1,0,0,4,2,15,0,,,7,2nd Serve In,Ad: Body,,,,,,,,Down the Line,Backhand,Down the Line,Backhand,Error,0.0,0.0,0.0,0.0,"Set 1: 4-2, 15-0 Kaylan Bigun Serving"
41,Kaylan Bigun,Nathan Trouve,30-0,4-2,0-0,,Deuce,Kaylan Bigun,Nathan Trouve,"Univeristy of California, Los Angeles",University of South California,1404800.0,1406770.0,1970.0,3,1-4,1,0,1st Serve In,T,T,,False,Far,,,42.30391514,-180.4884241,,,Crosscourt,Backhand,Net,,Crosscourt,Forehand,Kaylan Bigun,Error,Nathan Trouve,,False,,,1,0,0,4,2,30,0,,,7,1st Serve In,Deuce: T,,,Crosscourt,Forehand,Error,,,Crosscourt,Backhand,,,,0.0,1.0,0.0,0.0,"Set 1: 4-2, 30-0 Kaylan Bigun Serving"
42,Kaylan Bigun,Nathan Trouve,30-15,4-2,0-0,,Ad,Kaylan Bigun,Nathan Trouve,"Univeristy of California, Los Angeles",University of South California,1426349.0,1431849.0,5500.0,5,5-8,1,0,1st Serve In,Wide,Wide,,False,Far,,,-141.8435477,-170.1861603,,,Down the Line,Backhand,Net,,Down the Line,Forehand,Kaylan Bigun,Error,Nathan Trouve,,False,,,1,0,0,4,2,30,15,,,7,1st Serve In,Ad: Wide,,,Down the Line,Forehand,Error,,,Down the Line,Backhand,,,,0.0,2.0,1.0,0.0,"Set 1: 4-2, 30-15 Kaylan Bigun Serving"
43,Kaylan Bigun,Nathan Trouve,30-30,4-2,0-0,,Deuce,Kaylan Bigun,Nathan Trouve,"Univeristy of California, Los Angeles",University of South California,1458369.0,1472099.0,13730.0,11,9-12,1,0,1st Serve In,T,T,,False,Far,,,36.82146216,-168.3808126,,,Down the Line,Backhand,Long,,Down the Line,Forehand,Kaylan Bigun,Error,Nathan Trouve,,False,,,1,0,0,4,2,30,30,,,7,1st Serve In,Deuce: T,,,Down the Line,Forehand,Error,,,Down the Line,Backhand,,,,2.0,2.0,2.0,3.0,"Set 1: 4-2, 30-30 Kaylan Bigun Serving"
44,Kaylan Bigun,Nathan Trouve,30-40,4-2,0-0,,Ad,Kaylan Bigun,Nathan Trouve,"Univeristy of California, Los Angeles",University of South California,1499439.0,1500170.0,731.0,2,1-4,1,0,1st Serve In,Body,Body,,False,Far,,,-75.03125,-200.6970965,,,Crosscourt,Forehand,Long,Long,Crosscourt,Forehand,Nathan Trouve,Error,Kaylan Bigun,,True,,,1,0,0,4,2,30,40,,,7,1st Serve In,Ad: Body,,,,,,,,Crosscourt,Forehand,Crosscourt,Forehand,Error,0.0,0.0,0.0,0.0,"Set 1: 4-2, 30-40 Kaylan Bigun Serving"
45,Kaylan Bigun,Nathan Trouve,40-40,4-2,0-0,,Deuce,Kaylan Bigun,Nathan Trouve,"Univeristy of California, Los Angeles",University of South California,1522069.0,1537550.0,15481.0,3,1-4,0,1,2nd Serve In,Wide,T,Wide,False,Far,,,37.84662073,20.46546916,148.5726651,-182.7040956,Crosscourt,Forehand,Net,,Down the Line,Forehand,Kaylan Bigun,Error,Nathan Trouve,,True,,,1,0,0,4,2,40,40,,,7,2nd Serve In,Deuce: Wide,,,Down the Line,Forehand,Error,,,Crosscourt,Forehand,,,,0.0,0.0,0.0,1.0,"Set 1: 4-2, 40-40 Kaylan Bigun Serving"
46,Kaylan Bigun,Nathan Trouve,0-0,4-3,0-0,,Deuce,Nathan Trouve,Kaylan Bigun,"Univeristy of California, Los Angeles",University of South California,1624939.0,1629750.0,4811.0,5,5-8,1,0,1st Serve In,Body,Body,,False,Far,,,70.19360236,-156.3277832,,,Down the Line,Forehand,,,Crosscourt,Forehand,Nathan Trouve,Winner,Nathan Trouve,,False,,Nathan Trouve,1,0,0,4,3,0,0,,,8,,,Down the Line,Forehand,,,,1st Serve In,Deuce: Body,,,Crosscourt,Forehand,Winner,0.0,0.0,2.0,2.0,"Set 1: 4-3, 0-0 Nathan Trouve Serving"
47,Kaylan Bigun,Nathan Trouve,15-0,4-3,0-0,,Ad,Nathan Trouve,Kaylan Bigun,"Univeristy of California, Los Angeles",University of South California,1648300.0,1649050.0,750.0,2,1-4,1,0,1st Serve In,T,T,,False,Far,,,-45.48962708,-204.3482119,,,Down the Line,Backhand,Net,Net,Down the Line,Backhand,Kaylan Bigun,Error,Nathan Trouve,,False,,,1,0,0,4,3,15,0,,,8,,,Down the Line,Backhand,Down the Line,Backhand,Error,1st Serve In,Ad: T,,,,,,0.0,0.0,0.0,0.0,"Set 1: 4-3, 15-0 Nathan Trouve Serving"
48,Kaylan Bigun,Nathan Trouve,30-0,4-3,0-0,,Deuce,Nathan Trouve,Kaylan Bigun,"Univeristy of California, Los Angeles",University of South California,1668069.0,1674449.0,6380.0,5,5-8,1,0,1st Serve In,Wide,Wide,,False,Far,,,141.0975011,-186.9207841,,,Down the Line,Backhand,,,Crosscourt,Forehand,Nathan Trouve,Winner,Nathan Trouve,,False,,,1,0,0,4,3,30,0,,,8,,,Down the Line,Backhand,,,,1st Serve In,Deuce: Wide,,,Crosscourt,Forehand,Winner,1.0,0.0,1.0,2.0,"Set 1: 4-3, 30-0 Nathan Trouve Serving"
49,Kaylan Bigun,Nathan Trouve,40-0,4-3,0-0,,Ad,Nathan Trouve,Kaylan Bigun,"Univeristy of California, Los Angeles",University of South California,1700599.0,1700599.0,0.0,1,1-4,1,0,1st Serve In,Wide,Wide,,True,Far,,,-151.5104604,-165.3203795,,,,,,,,,Nathan Trouve,,Nathan Trouve,,False,,,1,0,0,4,3,40,0,,,8,Ace,,,,,,,1st Serve In,Ad: Wide,,,,,,0.0,0.0,0.0,0.0,"Set 1: 4-3, 40-0 Nathan Trouve Serving"
50,Kaylan Bigun,Nathan Trouve,0-0,4-4,0-0,,Deuce,Kaylan Bigun,Nathan Trouve,"Univeristy of California, Los Angeles",University of South California,1723369.0,1732150.0,8781.0,2,1-4,0,0,Double Fault,Wide,Body,Wide,False,Near,,,-73.22617017,-13.32549213,-131.8163003,284.0013451,Down the Line,Forehand,Net,Net,Down the Line,Forehand,Nathan Trouve,Error,Kaylan Bigun,,False,,,1,0,0,4,4,0,0,,,9,Double Fault,Deuce: Wide,,,,,,,,Down the Line,Forehand,Down the Line,Forehand,Error,0.0,0.0,0.0,0.0,"Set 1: 4-4, 0-0 Kaylan Bigun Serving"
51,Kaylan Bigun,Nathan Trouve,0-15,4-4,0-0,,Ad,Kaylan Bigun,Nathan Trouve,"Univeristy of California, Los Angeles",University of South California,1753099.0,1756949.0,3850.0,3,1-4,1,0,1st Serve In,Wide,Wide,,False,Near,,,128.1563812,242.6105534,,,Down the Line,Backhand,,,Crosscourt,Forehand,Kaylan Bigun,Winner,Kaylan Bigun,,False,,,1,0,0,4,4,0,15,,,9,1st Serve In,Ad: Wide,,,Crosscourt,Forehand,Winner,,,Down the Line,Backhand,,,,0.0,0.0,0.0,1.0,"Set 1: 4-4, 0-15 Kaylan Bigun Serving"
52,Kaylan Bigun,Nathan Trouve,15-15,4-4,0-0,,Deuce,Kaylan Bigun,Nathan Trouve,"Univeristy of California, Los Angeles",University of South California,1783300.0,1791650.0,8350.0,7,5-8,1,0,1st Serve In,T,T,,False,Near,,,-13.63093832,244.4756124,,,Crosscourt,Backhand,Net,,Down the Line,Forehand,Kaylan Bigun,Error,Nathan Trouve,,False,,,1,0,0,4,4,15,15,,,9,1st Serve In,Deuce: T,,,Down the Line,Forehand,Error,,,Crosscourt,Backhand,,,,1.0,1.0,1.0,2.0,"Set 1: 4-4, 15-15 Kaylan Bigun Serving"
53,Kaylan Bigun,Nathan Trouve,15-30,4-4,0-0,,Ad,Kaylan Bigun,Nathan Trouve,"Univeristy of California, Los Angeles",University of South California,1829300.0,1836199.0,6899.0,7,5-8,1,0,1st Serve In,T,T,,False,Near,,,50.13914589,244.0566,,,Down the Line,Forehand,Wide Left,,Crosscourt,Forehand,Kaylan Bigun,Error,Nathan Trouve,,False,,,1,0,0,4,4,15,30,,,9,1st Serve In,Ad: T,,,Crosscourt,Forehand,Error,,,Down the Line,Forehand,,,,2.0,0.0,0.0,3.0,"Set 1: 4-4, 15-30 Kaylan Bigun Serving"
54,Kaylan Bigun,Nathan Trouve,15-40,4-4,0-0,,Deuce,Kaylan Bigun,Nathan Trouve,"Univeristy of California, Los Angeles",University of South California,1865500.0,1876550.0,11050.0,10,9-12,1,0,1st Serve In,T,T,,False,Near,,,-31.94703084,241.753773,,,Down the Line,Backhand,,,Down the Line,,Nathan Trouve,Winner,Nathan Trouve,,True,,,1,0,0,4,4,15,40,,,9,1st Serve In,Deuce: T,,,,,,,,Down the Line,Backhand,Down the Line,,Winner,3.0,2.0,1.0,3.0,"Set 1: 4-4, 15-40 Kaylan Bigun Serving"
55,Kaylan Bigun,Nathan Trouve,0-0,4-5,0-0,,Deuce,Nathan Trouve,Kaylan Bigun,"Univeristy of California, Los Angeles",University of South California,1962270.0,1975469.0,13199.0,4,1-4,0,1,2nd Serve In,T,Body,T,False,Near,,,-75.51889217,329.167804,-20.16017607,177.2621774,Down the Line,Forehand,,,Down the Line,Forehand,Kaylan Bigun,Winner,Kaylan Bigun,,False,,,1,0,0,4,5,0,0,,,10,,,Down the Line,Forehand,Down the Line,Forehand,Winner,2nd Serve In,Deuce: T,,,,,,0.0,0.0,2.0,1.0,"Set 1: 4-5, 0-0 Nathan Trouve Serving"
56,Kaylan Bigun,Nathan Trouve,0-15,4-5,0-0,,Ad,Nathan Trouve,Kaylan Bigun,"Univeristy of California, Los Angeles",University of South California,1996900.0,2007530.0,10630.0,2,1-4,0,1,2nd Serve In,Body,Wide,Body,False,Near,,,127.9296315,382.0672189,104.9000984,243.7078631,Down the Line,Forehand,Net,Net,Down the Line,Forehand,Kaylan Bigun,Error,Nathan Trouve,,False,,,1,0,0,4,5,0,15,,,10,,,Down the Line,Forehand,Down the Line,Forehand,Error,2nd Serve In,Ad: Body,,,,,,0.0,0.0,0.0,0.0,"Set 1: 4-5, 0-15 Nathan Trouve Serving"
57,Kaylan Bigun,Nathan Trouve,15-15,4-5,0-0,,Deuce,Nathan Trouve,Kaylan Bigun,"Univeristy of California, Los Angeles",University of South California,2027900.0,2040599.0,12699.0,4,1-4,0,1,2nd Serve In,Body,T,Body,False,Near,,,33.89821194,244.217897,-95.16673775,244.6390529,Crosscourt,Backhand,Net,,Crosscourt,Backhand,Kaylan Bigun,Error,Nathan Trouve,,False,,,1,0,0,4,5,15,15,,,10,,,Crosscourt,Backhand,Crosscourt,Backhand,Error,2nd Serve In,Deuce: Body,,,,,,0.0,0.0,1.0,1.0,"Set 1: 4-5, 15-15 Nathan Trouve Serving"
58,Kaylan Bigun,Nathan Trouve,30-15,4-5,0-0,,Ad,Nathan Trouve,Kaylan Bigun,"Univeristy of California, Los Angeles",University of South California,2083399.0,2102550.0,19151.0,6,5-8,0,1,2nd Serve In,T,T,T,False,Near,,,45.80931212,294.7734525,49.80074366,225.7017334,Down the Line,Backhand,Wide Right,,Down the Line,Forehand,Kaylan Bigun,Error,Nathan Trouve,,False,,,1,0,0,4,5,30,15,,,10,,,Down the Line,Backhand,Down the Line,Forehand,Error,2nd Serve In,Ad: T,,,,,,0.0,1.0,2.0,1.0,"Set 1: 4-5, 30-15 Nathan Trouve Serving"
59,Kaylan Bigun,Nathan Trouve,40-15,4-5,0-0,,Deuce,Nathan Trouve,Kaylan Bigun,"Univeristy of California, Los Angeles",University of South California,2120459.0,2122699.0,2240.0,3,1-4,1,0,1st Serve In,Wide,Wide,,False,Near,,,-120.8451936,209.8381288,,,Crosscourt,Backhand,Net,,Down the Line,Forehand,Nathan Trouve,Error,Kaylan Bigun,,False,,,1,0,0,4,5,40,15,,,10,,,Crosscourt,Backhand,,,,1st Serve In,Deuce: Wide,,,Down the Line,Forehand,Error,0.0,0.0,1.0,0.0,"Set 1: 4-5, 40-15 Nathan Trouve Serving"
60,Kaylan Bigun,Nathan Trouve,40-30,4-5,0-0,,Ad,Nathan Trouve,Kaylan Bigun,"Univeristy of California, Los Angeles",University of South California,2142929.0,2169659.0,26730.0,7,5-8,0,0,Double Fault,Wide,Wide,Wide,False,Near,,,154.6453795,426.9718668,128.8311188,325.5648786,Crosscourt,Forehand,Net,,Crosscourt,Forehand,Nathan Trouve,Error,Kaylan Bigun,,False,,,1,0,0,4,5,40,30,,,10,,,Crosscourt,Forehand,,,,Double Fault,Ad: Wide,,,Crosscourt,Forehand,,0.0,1.0,3.0,0.0,"Set 1: 4-5, 40-30 Nathan Trouve Serving"
61,Kaylan Bigun,Nathan Trouve,40-40,4-5,0-0,,Deuce,Nathan Trouve,Kaylan Bigun,"Univeristy of California, Los Angeles",University of South California,2195300.0,2209250.0,13950.0,2,1-4,0,0,Double Fault,Body,T,Body,False,Near,,,-20.57735127,-4.653461286,-78.58636811,246.2569608,Crosscourt,Backhand,Net,Net,Crosscourt,Backhand,Kaylan Bigun,Error,Nathan Trouve,,True,,,1,0,0,4,5,40,40,,,10,,,Crosscourt,Backhand,Crosscourt,Backhand,Error,Double Fault,Deuce: Body,,,,,,0.0,0.0,0.0,0.0,"Set 1: 4-5, 40-40 Nathan Trouve Serving"
62,Kaylan Bigun,Nathan Trouve,0-0,5-5,0-0,,Deuce,Kaylan Bigun,Nathan Trouve,"Univeristy of California, Los Angeles",University of South California,2236350.0,2241250.0,4900.0,5,5-8,1,0,1st Serve In,T,T,,False,Far,,,23.93033136,-149.907442,,,Crosscourt,Backhand,Net,,Down the Line,Backhand,Kaylan Bigun,Error,Nathan Trouve,,False,,,1,0,0,5,5,0,0,,,11,1st Serve In,Deuce: T,,,Down the Line,Backhand,Error,,,Crosscourt,Backhand,,,,1.0,0.0,0.0,2.0,"Set 1: 5-5, 0-0 Kaylan Bigun Serving"
63,Kaylan Bigun,Nathan Trouve,0-15,5-5,0-0,,Ad,Kaylan Bigun,Nathan Trouve,"Univeristy of California, Los Angeles",University of South California,2285176.0,2300444.0,15268.0,1,1-4,0,0,Double Fault,T,T,T,False,Far,,,-5.0,4.0,-48.0,-246.0,,,,,,,Kaylan Bigun,,Nathan Trouve,,False,,,1,0,0,5,5,0,15,,,11,Double Fault,Ad: T,,,,,,,,,,,,,0.0,0.0,0.0,0.0,"Set 1: 5-5, 0-15 Kaylan Bigun Serving"
64,Kaylan Bigun,Nathan Trouve,0-30,5-5,0-0,,Deuce,Kaylan Bigun,Nathan Trouve,"Univeristy of California, Los Angeles",University of South California,2318330.0,2318899.0,569.0,2,1-4,1,0,1st Serve In,T,T,,False,Far,,,20.61011592,-221.0964239,,,Down the Line,Backhand,,,Down the Line,Backhand,Nathan Trouve,Winner,Nathan Trouve,,False,,,1,0,0,5,5,0,30,,,11,1st Serve In,Deuce: T,,,,,,,,Down the Line,Backhand,Down the Line,Backhand,Winner,0.0,0.0,0.0,1.0,"Set 1: 5-5, 0-30 Kaylan Bigun Serving"
65,Kaylan Bigun,Nathan Trouve,15-30,5-5,0-0,,Ad,Kaylan Bigun,Nathan Trouve,"Univeristy of California, Los Angeles",University of South California,2336060.0,2336949.0,889.0,2,1-4,1,0,1st Serve In,Wide,Wide,,False,Far,,,-150.4492071,-134.4986002,,,Down the Line,Backhand,,,Down the Line,Backhand,Nathan Trouve,Winner,Nathan Trouve,,False,,,1,0,0,5,5,15,30,,,11,1st Serve In,Ad: Wide,,,,,,,,Down the Line,Backhand,Down the Line,Backhand,Winner,0.0,0.0,0.0,1.0,"Set 1: 5-5, 15-30 Kaylan Bigun Serving"
66,Kaylan Bigun,Nathan Trouve,30-30,5-5,0-0,,Deuce,Kaylan Bigun,Nathan Trouve,"Univeristy of California, Los Angeles",University of South California,2371629.0,2375050.0,3421.0,4,1-4,1,0,1st Serve In,Body,Body,,False,Far,,,99.32658574,-151.4756671,,,Crosscourt,Forehand,,,Crosscourt,Backhand,Nathan Trouve,Winner,Nathan Trouve,,False,,,1,0,0,5,5,30,30,,,11,1st Serve In,Deuce: Body,,,,,,,,Crosscourt,Forehand,Crosscourt,Backhand,Winner,0.0,0.0,0.0,2.0,"Set 1: 5-5, 30-30 Kaylan Bigun Serving"
67,Kaylan Bigun,Nathan Trouve,40-30,5-5,0-0,,Ad,Kaylan Bigun,Nathan Trouve,"Univeristy of California, Los Angeles",University of South California,2391939.0,2399540.0,7601.0,7,5-8,1,0,1st Serve In,Wide,Wide,,False,Far,,,-152.1137741,-191.7600011,,,Crosscourt,Backhand,Net,,Down the Line,,Kaylan Bigun,Error,Nathan Trouve,,False,,,1,0,0,5,5,40,30,,,11,1st Serve In,Ad: Wide,,,Down the Line,,Error,,,Crosscourt,Backhand,,,,1.0,2.0,1.0,1.0,"Set 1: 5-5, 40-30 Kaylan Bigun Serving"
68,Kaylan Bigun,Nathan Trouve,40-40,5-5,0-0,,Deuce,Kaylan Bigun,Nathan Trouve,"Univeristy of California, Los Angeles",University of South California,2421938.0,2427646.0,5708.0,3,1-4,1,0,1st Serve In,T,T,,False,Far,,,22.0,-218.0,,,Crosscourt,Backhand,Long,,Crosscourt,Forehand,Kaylan Bigun,Error,Nathan Trouve,,True,,,1,0,0,5,5,40,40,,,11,1st Serve In,Deuce: T,,,Crosscourt,Forehand,Error,,,Crosscourt,Backhand,,,,0.0,1.0,0.0,0.0,"Set 1: 5-5, 40-40 Kaylan Bigun Serving"
69,Kaylan Bigun,Nathan Trouve,0-0,5-6,0-0,,Deuce,Nathan Trouve,Kaylan Bigun,"Univeristy of California, Los Angeles",University of South California,2512060.0,2532929.0,20869.0,11,9-12,0,1,2nd Serve In,Body,Wide,Body,False,Far,,,138.7668854,-357.3162402,73.48484252,-155.4944663,Crosscourt,Backhand,Net,,Down the Line,Backhand,Nathan Trouve,Error,Kaylan Bigun,,False,,,1,0,0,5,6,0,0,,,12,,,Crosscourt,Backhand,,,,2nd Serve In,Deuce: Body,,,Down the Line,Backhand,Error,1.0,0.0,4.0,4.0,"Set 1: 5-6, 0-0 Nathan Trouve Serving"
70,Kaylan Bigun,Nathan Trouve,0-15,5-6,0-0,,Ad,Nathan Trouve,Kaylan Bigun,"Univeristy of California, Los Angeles",University of South California,2562189.0,2563129.0,940.0,2,1-4,1,0,1st Serve In,Wide,Wide,,False,Far,,,-114.1802657,-140.8389436,,,Crosscourt,Forehand,,,Crosscourt,Forehand,Kaylan Bigun,Winner,Kaylan Bigun,,False,,,1,0,0,5,6,0,15,,,12,,,Crosscourt,Forehand,Crosscourt,Forehand,Winner,1st Serve In,Ad: Wide,,,,,,0.0,0.0,1.0,0.0,"Set 1: 5-6, 0-15 Nathan Trouve Serving"
71,Kaylan Bigun,Nathan Trouve,15-15,5-6,0-0,,Deuce,Nathan Trouve,Kaylan Bigun,"Univeristy of California, Los Angeles",University of South California,2579760.0,2596129.0,16369.0,5,5-8,0,1,2nd Serve In,Body,T,Body,False,Far,,,8.470084208,-251.2872922,97.90216535,-135.1400372,Down the Line,Backhand,Net,,Down the Line,Backhand,Nathan Trouve,Error,Kaylan Bigun,,False,,,1,0,0,5,6,15,15,,,12,,,Down the Line,Backhand,,,,2nd Serve In,Deuce: Body,,,Down the Line,Backhand,Error,1.0,0.0,1.0,1.0,"Set 1: 5-6, 15-15 Nathan Trouve Serving"
72,Kaylan Bigun,Nathan Trouve,15-30,5-6,0-0,,Ad,Nathan Trouve,Kaylan Bigun,"Univeristy of California, Los Angeles",University of South California,2620389.0,2625459.0,5070.0,5,5-8,1,0,1st Serve In,Wide,Wide,,False,Far,,,-106.1207732,-200.2926673,,,Down the Line,Forehand,,,Crosscourt,Forehand,Nathan Trouve,Winner,Nathan Trouve,,False,,,1,0,0,5,6,15,30,,,12,,,Down the Line,Forehand,,,,1st Serve In,Ad: Wide,,,Crosscourt,Forehand,Winner,0.0,1.0,2.0,1.0,"Set 1: 5-6, 15-30 Nathan Trouve Serving"
73,Kaylan Bigun,Nathan Trouve,30-30,5-6,0-0,,Deuce,Kaylan Bigun,Nathan Trouve,"Univeristy of California, Los Angeles",University of South California,2648647.0,2668026.0,19379.0,14,13+,1,0,1st Serve In,Body,Body,,False,Far,,,88.0,-190.0,,,Crosscourt,Forehand,Net,,Down the Line,Forehand,Nathan Trouve,Error,Kaylan Bigun,,False,,,1,0,0,5,6,30,30,,,12,1st Serve In,Deuce: Body,,,,,,,,Crosscourt,Forehand,Down the Line,Forehand,Error,0.0,1.0,6.0,5.0,"Set 1: 5-6, 30-30 Kaylan Bigun Serving"
74,Kaylan Bigun,Nathan Trouve,40-30,5-6,0-0,,Ad,Nathan Trouve,Kaylan Bigun,"Univeristy of California, Los Angeles",University of South California,2695590.0,2698760.0,3170.0,4,1-4,1,0,1st Serve In,Body,Body,,False,Far,,,-62.44162292,-158.6292706,,,Crosscourt,Forehand,Net,,Down the Line,Forehand,Kaylan Bigun,Error,Nathan Trouve,,False,,,1,0,0,5,6,40,30,,,12,,,Crosscourt,Forehand,Down the Line,Forehand,Error,1st Serve In,Ad: Body,,,,,,0.0,1.0,1.0,0.0,"Set 1: 5-6, 40-30 Nathan Trouve Serving"
75,Kaylan Bigun,Nathan Trouve,0-0,0-0,0-1,,Deuce,Kaylan Bigun,Nathan Trouve,"Univeristy of California, Los Angeles",University of South California,2854659.0,2867040.0,12381.0,4,1-4,0,0,Double Fault,Wide,T,Wide,False,Near,,,-25.73567913,-8.540933946,-158.0680993,204.2502242,Crosscourt,Forehand,Net,,Crosscourt,Backhand,Nathan Trouve,Winner,Nathan Trouve,,False,,,2,0,1,0,0,0,0,,,1,Double Fault,Deuce: Wide,,,,,,,,Crosscourt,Forehand,Crosscourt,Backhand,Winner,0.0,0.0,0.0,2.0,"Set 2: 0-0, 0-0 Kaylan Bigun Serving"
76,Kaylan Bigun,Nathan Trouve,0-15,0-0,0-1,,Ad,Kaylan Bigun,Nathan Trouve,"Univeristy of California, Los Angeles",University of South California,2896419.0,2900120.0,3701.0,4,1-4,1,0,1st Serve In,Wide,Wide,,False,Near,,,131.0135663,152.1915901,,,Crosscourt,Backhand,Long,,Crosscourt,Forehand,Nathan Trouve,Error,Kaylan Bigun,,False,,,2,0,1,0,0,0,15,,,1,1st Serve In,Ad: Wide,,,,,,,,Crosscourt,Backhand,Crosscourt,Forehand,Error,0.0,0.0,0.0,1.0,"Set 2: 0-0, 0-15 Kaylan Bigun Serving"
77,Kaylan Bigun,Nathan Trouve,15-15,0-0,0-1,,Deuce,Kaylan Bigun,Nathan Trouve,"Univeristy of California, Los Angeles",University of South California,2922959.0,2933520.0,10561.0,3,1-4,0,1,2nd Serve In,Body,Body,Body,False,Near,,,-100.4757218,-240.1156551,-69.10704834,205.8433672,Down the Line,Forehand,Net,,Crosscourt,Forehand,Kaylan Bigun,Error,Nathan Trouve,,False,,,2,0,1,0,0,15,15,,,1,2nd Serve In,Deuce: Body,,,Crosscourt,Forehand,Error,,,Down the Line,Forehand,,,,0.0,1.0,0.0,0.0,"Set 2: 0-0, 15-15 Kaylan Bigun Serving"
78,Kaylan Bigun,Nathan Trouve,15-30,0-0,0-1,,Ad,Kaylan Bigun,Nathan Trouve,"Univeristy of California, Los Angeles",University of South California,2958120.0,2961239.0,3119.0,3,1-4,1,0,1st Serve In,Body,Body,,False,Near,,,101.4139545,201.3578631,,,Crosscourt,Backhand,Long,,Down the Line,Forehand,Kaylan Bigun,Error,Nathan Trouve,,False,,,2,0,1,0,0,15,30,,,1,1st Serve In,Ad: Body,,,Down the Line,Forehand,Error,,,Crosscourt,Backhand,,,,0.0,0.0,0.0,1.0,"Set 2: 0-0, 15-30 Kaylan Bigun Serving"
79,Kaylan Bigun,Nathan Trouve,15-40,0-0,0-1,,Deuce,Kaylan Bigun,Nathan Trouve,"Univeristy of California, Los Angeles",University of South California,2977959.0,2988620.0,10661.0,3,1-4,0,1,2nd Serve In,T,Body,T,False,Near,,,-94.71928587,-15.11966317,-26.89537948,243.2068241,Down the Line,Backhand,Net,,Crosscourt,Forehand,Kaylan Bigun,Error,Nathan Trouve,,True,,,2,0,1,0,0,15,40,,,1,2nd Serve In,Deuce: T,,,Crosscourt,Forehand,Error,,,Down the Line,Backhand,,,,0.0,0.0,0.0,1.0,"Set 2: 0-0, 15-40 Kaylan Bigun Serving"
80,Kaylan Bigun,Nathan Trouve,0-0,0-1,0-1,,Deuce,Nathan Trouve,Kaylan Bigun,"Univeristy of California, Los Angeles",University of South California,3056419.0,3063840.0,7421.0,7,5-8,1,0,1st Serve In,Wide,Wide,,False,Near,,,-154.2246446,244.409509,,,Down the Line,Backhand,Net,,Crosscourt,Forehand,Nathan Trouve,Error,Kaylan Bigun,,False,,,2,0,1,0,1,0,0,,,2,,,Down the Line,Backhand,,,,1st Serve In,Deuce: Wide,,,Crosscourt,Forehand,Error,1.0,1.0,2.0,0.0,"Set 2: 0-1, 0-0 Nathan Trouve Serving"
81,Kaylan Bigun,Nathan Trouve,0-15,0-1,0-1,,Ad,Nathan Trouve,Kaylan Bigun,"Univeristy of California, Los Angeles",University of South California,3082949.0,3082949.0,0.0,1,1-4,1,0,1st Serve In,Wide,Wide,,True,Near,,,152.2842192,202.4775645,,,,,,,,,Nathan Trouve,,Nathan Trouve,,False,,,2,0,1,0,1,0,15,,,2,Ace,,,,,,,1st Serve In,Ad: Wide,,,,,,0.0,0.0,0.0,0.0,"Set 2: 0-1, 0-15 Nathan Trouve Serving"
82,Kaylan Bigun,Nathan Trouve,15-15,0-1,0-1,,Deuce,Nathan Trouve,Kaylan Bigun,"Univeristy of California, Los Angeles",University of South California,3102949.0,3112840.0,9891.0,2,1-4,0,1,2nd Serve In,Body,T,Body,False,Near,,,13.41919291,-200.3124563,-69.44724956,205.7035816,Down the Line,Backhand,Net,Net,Down the Line,Backhand,Kaylan Bigun,Error,Nathan Trouve,,False,,,2,0,1,0,1,15,15,,,2,,,Down the Line,Backhand,Down the Line,Backhand,Error,2nd Serve In,Deuce: Body,,,,,,0.0,0.0,0.0,0.0,"Set 2: 0-1, 15-15 Nathan Trouve Serving"
83,Kaylan Bigun,Nathan Trouve,30-15,0-1,0-1,,Ad,Nathan Trouve,Kaylan Bigun,"Univeristy of California, Los Angeles",University of South California,3136149.0,3148350.0,12201.0,2,1-4,0,1,2nd Serve In,Body,Wide,Body,False,Near,,,183.3014381,243.8110947,53.06978346,225.4671752,Crosscourt,Forehand,Net,Net,Crosscourt,Forehand,Kaylan Bigun,Error,Nathan Trouve,,False,,,2,0,1,0,1,30,15,,,2,,,Crosscourt,Forehand,Crosscourt,Forehand,Error,2nd Serve In,Ad: Body,,,,,,0.0,0.0,0.0,0.0,"Set 2: 0-1, 30-15 Nathan Trouve Serving"
84,Kaylan Bigun,Nathan Trouve,40-15,0-1,0-1,,Deuce,Nathan Trouve,Kaylan Bigun,"Univeristy of California, Los Angeles",University of South California,3172719.0,3187290.0,14571.0,3,1-4,0,1,2nd Serve In,Wide,T,Wide,False,Near,,,-39.79286417,358.2717356,-129.8408902,225.7384788,Down the Line,Backhand,Long,,Crosscourt,Backhand,Nathan Trouve,Error,Kaylan Bigun,,False,,,2,0,1,0,1,40,15,,,2,,,Down the Line,Backhand,,,,2nd Serve In,Deuce: Wide,,,Crosscourt,Backhand,Error,0.0,0.0,1.0,0.0,"Set 2: 0-1, 40-15 Nathan Trouve Serving"
85,Kaylan Bigun,Nathan Trouve,0-0,0-2,0-1,,Deuce,Kaylan Bigun,Nathan Trouve,"Univeristy of California, Los Angeles",University of South California,3211649.0,3240949.0,29300.0,10,9-12,0,1,2nd Serve In,T,T,T,False,Far,,,18.65147091,-247.1849738,18.43073053,-154.4476433,Crosscourt,Backhand,Net,,Crosscourt,Forehand,Nathan Trouve,Error,Kaylan Bigun,,False,Kaylan Bigun,,2,0,1,0,2,0,0,,,3,2nd Serve In,Deuce: T,,,,,,,,Crosscourt,Backhand,Crosscourt,Forehand,Error,2.0,0.0,2.0,3.0,"Set 2: 0-2, 0-0 Kaylan Bigun Serving"
86,Kaylan Bigun,Nathan Trouve,15-0,0-2,0-1,,Ad,Kaylan Bigun,Nathan Trouve,"Univeristy of California, Los Angeles",University of South California,3274120.0,3277050.0,2930.0,3,1-4,1,0,1st Serve In,Wide,Wide,,False,Far,,,-143.7141568,-177.6912566,,,Crosscourt,Backhand,,,Crosscourt,Forehand,Kaylan Bigun,Winner,Kaylan Bigun,,False,,,2,0,1,0,2,15,0,,,3,1st Serve In,Ad: Wide,,,Crosscourt,Forehand,Winner,,,Crosscourt,Backhand,,,,0.0,1.0,1.0,0.0,"Set 2: 0-2, 15-0 Kaylan Bigun Serving"
87,Kaylan Bigun,Nathan Trouve,15-15,0-2,0-1,,Deuce,Kaylan Bigun,Nathan Trouve,"Univeristy of California, Los Angeles",University of South California,3306820.0,3327139.0,20319.0,6,5-8,1,1,1st Serve In,T,T,Wide,False,Far,,,0.8219488189,-213.5093777,129.3189523,-142.42646,Crosscourt,Forehand,Wide Left,,Down the Line,Backhand,Nathan Trouve,Error,Kaylan Bigun,,False,,,2,0,1,0,2,15,15,,,3,1st Serve In,Deuce: T,,,,,,,,Crosscourt,Forehand,Down the Line,Backhand,Error,0.0,1.0,2.0,1.0,"Set 2: 0-2, 15-15 Kaylan Bigun Serving"
88,Kaylan Bigun,Nathan Trouve,30-15,0-2,0-1,,Ad,Kaylan Bigun,Nathan Trouve,"Univeristy of California, Los Angeles",University of South California,3359550.0,3371850.0,12300.0,2,1-4,0,1,2nd Serve In,Wide,T,Wide,False,Far,,,4.928286308,-189.1015857,-155.9572288,-155.4398841,Crosscourt,Backhand,Long,Long,Crosscourt,Backhand,Nathan Trouve,Error,Kaylan Bigun,,False,,,2,0,1,0,2,30,15,,,3,2nd Serve In,Ad: Wide,,,,,,,,Crosscourt,Backhand,Crosscourt,Backhand,Error,0.0,0.0,0.0,0.0,"Set 2: 0-2, 30-15 Kaylan Bigun Serving"
89,Kaylan Bigun,Nathan Trouve,40-15,0-2,0-1,,Deuce,Kaylan Bigun,Nathan Trouve,"Univeristy of California, Los Angeles",University of South California,3399250.0,3410780.0,11530.0,4,1-4,0,1,2nd Serve In,T,T,T,False,Far,,,1.948999344,-270.9392717,22.56562227,-136.8999891,Down the Line,Backhand,,,Crosscourt,Forehand,Nathan Trouve,Winner,Nathan Trouve,,False,,,2,0,1,0,2,40,15,,,3,2nd Serve In,Deuce: T,,,,,,,,Down the Line,Backhand,Crosscourt,Forehand,Winner,0.0,0.0,1.0,2.0,"Set 2: 0-2, 40-15 Kaylan Bigun Serving"
90,Kaylan Bigun,Nathan Trouve,40-30,0-2,0-1,,Ad,Kaylan Bigun,Nathan Trouve,"Univeristy of California, Los Angeles",University of South California,3437750.0,3438830.0,1080.0,2,1-4,1,0,1st Serve In,Wide,Wide,,False,Far,,,-150.2564469,-151.823715,,,Crosscourt,Backhand,Wide Right,Wide Right,Crosscourt,Backhand,Nathan Trouve,Error,Kaylan Bigun,,False,,,2,0,1,0,2,40,30,,,3,1st Serve In,Ad: Wide,,,,,,,,Crosscourt,Backhand,Crosscourt,Backhand,Error,0.0,0.0,0.0,0.0,"Set 2: 0-2, 40-30 Kaylan Bigun Serving"
91,Kaylan Bigun,Nathan Trouve,0-0,1-2,0-1,,Deuce,Nathan Trouve,Kaylan Bigun,"Univeristy of California, Los Angeles",University of South California,3521620.0,3538780.0,17160.0,5,5-8,0,1,2nd Serve In,T,T,T,False,Far,,,20.22222222,0.1310968941,32.64982502,-184.6683672,Crosscourt,Forehand,Net,,Crosscourt,Forehand,Nathan Trouve,Winner,Nathan Trouve,,False,,,2,0,1,1,2,0,0,,,4,,,Crosscourt,Forehand,,,,2nd Serve In,Deuce: T,,,Crosscourt,Forehand,Winner,1.0,1.0,1.0,1.0,"Set 2: 1-2, 0-0 Nathan Trouve Serving"
92,Kaylan Bigun,Nathan Trouve,15-0,1-2,0-1,,Ad,Nathan Trouve,Kaylan Bigun,"Univeristy of California, Los Angeles",University of South California,3559750.0,3563149.0,3399.0,4,1-4,1,0,1st Serve In,T,T,,False,Far,,,-39.53897638,-218.4320374,,,Down the Line,Backhand,Net,,Down the Line,Backhand,Kaylan Bigun,Error,Nathan Trouve,,False,,,2,0,1,1,2,15,0,,,4,,,Down the Line,Backhand,Down the Line,Backhand,Error,1st Serve In,Ad: T,,,,,,0.0,0.0,1.0,1.0,"Set 2: 1-2, 15-0 Nathan Trouve Serving"
93,Kaylan Bigun,Nathan Trouve,30-0,1-2,0-1,,Deuce,Nathan Trouve,Kaylan Bigun,"Univeristy of California, Los Angeles",University of South California,3580679.0,3582719.0,2040.0,3,1-4,1,0,1st Serve In,T,T,,False,Far,,,35.02909011,-191.7381452,,,Down the Line,Forehand,Long,,Crosscourt,Backhand,Nathan Trouve,Error,Kaylan Bigun,,False,,,2,0,1,1,2,30,0,,,4,,,Down the Line,Forehand,,,,1st Serve In,Deuce: T,,,Crosscourt,Backhand,Error,0.0,0.0,0.0,0.0,"Set 2: 1-2, 30-0 Nathan Trouve Serving"
94,Kaylan Bigun,Nathan Trouve,30-15,1-2,0-1,,Ad,Nathan Trouve,Kaylan Bigun,"Univeristy of California, Los Angeles",University of South California,3601750.0,3605330.0,3580.0,4,1-4,1,0,1st Serve In,T,T,,False,Far,,,-31.05660542,-145.3094434,,,Crosscourt,Backhand,Long,,Down the Line,Forehand,Kaylan Bigun,Error,Nathan Trouve,,False,,,2,0,1,1,2,30,15,,,4,,,Crosscourt,Backhand,Down the Line,Forehand,Error,1st Serve In,Ad: T,,,,,,1.0,0.0,0.0,1.0,"Set 2: 1-2, 30-15 Nathan Trouve Serving"
95,Kaylan Bigun,Nathan Trouve,40-15,1-2,0-1,,Deuce,Nathan Trouve,Kaylan Bigun,"Univeristy of California, Los Angeles",University of South California,3618179.0,3621979.0,3800.0,4,1-4,1,0,1st Serve In,T,T,,False,Far,,,43.18113517,-171.4929189,,,Crosscourt,Forehand,Net,,Down the Line,Backhand,Kaylan Bigun,Error,Nathan Trouve,,False,,,2,0,1,1,2,40,15,,,4,,,Crosscourt,Forehand,Down the Line,Backhand,Error,1st Serve In,Deuce: T,,,,,,1.0,0.0,0.0,1.0,"Set 2: 1-2, 40-15 Nathan Trouve Serving"
96,Kaylan Bigun,Nathan Trouve,0-0,1-3,0-1,,Deuce,Kaylan Bigun,Nathan Trouve,"Univeristy of California, Los Angeles",University of South California,3649250.0,3652580.0,3330.0,4,1-4,0,0,Double Fault,,Body,,False,Near,,,-77.6510444,246.3650919,,,Crosscourt,Forehand,Net,,Crosscourt,Forehand,Nathan Trouve,Error,Kaylan Bigun,,False,,,2,0,1,1,3,0,0,,,5,Double Fault,,,,,,,,,Crosscourt,Forehand,Crosscourt,Forehand,Error,0.0,0.0,1.0,1.0,"Set 2: 1-3, 0-0 Kaylan Bigun Serving"
97,Kaylan Bigun,Nathan Trouve,15-0,1-3,0-1,,Ad,Kaylan Bigun,Nathan Trouve,"Univeristy of California, Los Angeles",University of South California,3676179.0,3677219.0,1040.0,2,1-4,1,0,1st Serve In,Wide,Wide,,False,Near,,,115.3697069,172.3758421,,,Down the Line,Backhand,Net,Net,Down the Line,Backhand,Nathan Trouve,Error,Kaylan Bigun,,False,,,2,0,1,1,3,15,0,,,5,1st Serve In,Ad: Wide,,,,,,,,Down the Line,Backhand,Down the Line,Backhand,Error,0.0,0.0,0.0,0.0,"Set 2: 1-3, 15-0 Kaylan Bigun Serving"
98,Kaylan Bigun,Nathan Trouve,30-0,1-3,0-1,,Deuce,Kaylan Bigun,Nathan Trouve,"Univeristy of California, Los Angeles",University of South California,3696550.0,3708780.0,12230.0,3,1-4,0,1,2nd Serve In,T,Wide,T,False,Near,,,-159.064206,245.9720308,-18.40512358,195.7388397,Crosscourt,Backhand,Net,,Down the Line,Backhand,Kaylan Bigun,Error,Nathan Trouve,,False,,,2,0,1,1,3,30,0,,,5,2nd Serve In,Deuce: T,,,Down the Line,Backhand,Error,,,Crosscourt,Backhand,,,,0.0,1.0,0.0,0.0,"Set 2: 1-3, 30-0 Kaylan Bigun Serving"
99,Kaylan Bigun,Nathan Trouve,30-15,1-3,0-1,,Ad,Kaylan Bigun,Nathan Trouve,"Univeristy of California, Los Angeles",University of South California,3735750.0,3739729.0,3979.0,4,1-4,1,0,1st Serve In,Wide,Wide,,False,Near,,,114.8496829,177.9099683,,,Crosscourt,Backhand,Net,,Crosscourt,Forehand,Nathan Trouve,Error,Kaylan Bigun,,False,,,2,0,1,1,3,30,15,,,5,1st Serve In,Ad: Wide,,,,,,,,Crosscourt,Backhand,Crosscourt,Forehand,Error,1.0,0.0,0.0,1.0,"Set 2: 1-3, 30-15 Kaylan Bigun Serving"
100,Kaylan Bigun,Nathan Trouve,40-15,1-3,0-1,,Deuce,Kaylan Bigun,Nathan Trouve,"Univeristy of California, Los Angeles",University of South California,3766379.0,3771409.0,5030.0,5,5-8,1,0,1st Serve In,T,T,,False,Near,,,-8.253362861,177.8120571,,,Down the Line,Backhand,Net,,Down the Line,Forehand,Kaylan Bigun,Error,Nathan Trouve,,False,,,2,0,1,1,3,40,15,,,5,1st Serve In,Deuce: T,,,Down the Line,Forehand,Error,,,Down the Line,Backhand,,,,0.0,1.0,1.0,1.0,"Set 2: 1-3, 40-15 Kaylan Bigun Serving"
101,Kaylan Bigun,Nathan Trouve,40-30,1-3,0-1,,Ad,Kaylan Bigun,Nathan Trouve,"Univeristy of California, Los Angeles",University of South California,3796790.0,3800603.0,3813.0,3,1-4,1,0,1st Serve In,Wide,Wide,,False,Near,,,143.0,230.0,,,Crosscourt,Backhand,Net,,Down the Line,Forehand,Kaylan Bigun,Error,Nathan Trouve,,False,,,2,0,1,1,3,40,30,,,5,1st Serve In,Ad: Wide,,,Down the Line,Forehand,Error,,,Crosscourt,Backhand,,,,0.0,0.0,0.0,1.0,"Set 2: 1-3, 40-30 Kaylan Bigun Serving"
102,Kaylan Bigun,Nathan Trouve,40-40,1-3,0-1,,Deuce,Kaylan Bigun,Nathan Trouve,"Univeristy of California, Los Angeles",University of South California,3821909.0,3832949.0,11040.0,2,1-4,0,1,2nd Serve In,T,Wide,T,False,Near,,,-174.9074092,394.0383749,-19.1345199,190.4773185,Down the Line,Backhand,,,Down the Line,Backhand,Nathan Trouve,Winner,Nathan Trouve,,True,,,2,0,1,1,3,40,40,,,5,2nd Serve In,Deuce: T,,,,,,,,Down the Line,Backhand,Down the Line,Backhand,Winner,0.0,0.0,0.0,1.0,"Set 2: 1-3, 40-40 Kaylan Bigun Serving"
103,Kaylan Bigun,Nathan Trouve,0-0,1-4,0-1,,Deuce,Nathan Trouve,Kaylan Bigun,"Univeristy of California, Los Angeles",University of South California,3931379.0,3933149.0,1770.0,3,1-4,1,0,1st Serve In,Wide,Wide,,False,Near,,,-116.2264108,242.9862752,,,Crosscourt,Backhand,Net,,Down the Line,Forehand,Nathan Trouve,Error,Kaylan Bigun,,False,,,2,0,1,1,4,0,0,,,6,,,Crosscourt,Backhand,,,,1st Serve In,Deuce: Wide,,,Down the Line,Forehand,Error,1.0,0.0,0.0,0.0,"Set 2: 1-4, 0-0 Nathan Trouve Serving"
104,Kaylan Bigun,Nathan Trouve,0-15,1-4,0-1,,Ad,Nathan Trouve,Kaylan Bigun,"Univeristy of California, Los Angeles",University of South California,3958810.0,3964350.0,5540.0,5,5-8,1,0,1st Serve In,Wide,Wide,,False,Near,,,124.2556649,188.8984908,,,Crosscourt,Forehand,Wide Left,,Crosscourt,Forehand,Nathan Trouve,Error,Kaylan Bigun,,False,,,2,0,1,1,4,0,15,,,6,,,Crosscourt,Forehand,,,,1st Serve In,Ad: Wide,,,Crosscourt,Forehand,Error,0.0,0.0,2.0,1.0,"Set 2: 1-4, 0-15 Nathan Trouve Serving"
105,Kaylan Bigun,Nathan Trouve,0-30,1-4,0-1,,Deuce,Nathan Trouve,Kaylan Bigun,"Univeristy of California, Los Angeles",University of South California,3987679.0,3996310.0,8631.0,1,1-4,1,0,1st Serve In,T,T,T,True,Near,,,-1.123758749,109.0695921,-35.32351269,-177.484755,,,Net,,,,Nathan Trouve,,Nathan Trouve,,False,,,2,0,1,1,4,0,30,,,6,Ace,,,,,,,1st Serve In,Deuce: T,,,,,,0.0,0.0,0.0,0.0,"Set 2: 1-4, 0-30 Nathan Trouve Serving"
106,Kaylan Bigun,Nathan Trouve,0-40,1-4,0-1,,Ad,Nathan Trouve,Kaylan Bigun,"Univeristy of California, Los Angeles",University of South California,4025709.0,4027679.0,1970.0,3,1-4,1,0,1st Serve In,T,T,,False,Near,,,24.25679134,241.4745844,,,Crosscourt,Backhand,,,Down the Line,Backhand,Nathan Trouve,Winner,Nathan Trouve,,True,,,2,0,1,1,4,0,40,,,6,,,Crosscourt,Backhand,,,,1st Serve In,Ad: T,,,Down the Line,Backhand,Winner,0.0,0.0,1.0,1.0,"Set 2: 1-4, 0-40 Nathan Trouve Serving"
107,Kaylan Bigun,Nathan Trouve,0-0,2-4,0-1,,Deuce,Kaylan Bigun,Nathan Trouve,"Univeristy of California, Los Angeles",University of South California,4047580.0,4050909.0,3329.0,4,1-4,1,0,1st Serve In,Body,Body,,False,Far,,,68.68558618,-145.3147638,,,Crosscourt,Forehand,Wide Left,,Crosscourt,Forehand,Nathan Trouve,Error,Kaylan Bigun,,False,,,2,0,1,2,4,0,0,,,7,1st Serve In,Deuce: Body,,,,,,,,Crosscourt,Forehand,Crosscourt,Forehand,Error,0.0,1.0,1.0,0.0,"Set 2: 2-4, 0-0 Kaylan Bigun Serving"
108,Kaylan Bigun,Nathan Trouve,15-0,2-4,0-1,,Ad,Kaylan Bigun,Nathan Trouve,"Univeristy of California, Los Angeles",University of South California,4072209.0,4085250.0,13041.0,11,9-12,1,0,1st Serve In,T,T,,False,Far,,,-42.52886592,-149.3162238,,,Down the Line,Forehand,Net,,Crosscourt,Forehand,Kaylan Bigun,Error,Nathan Trouve,,False,,,2,0,1,2,4,15,0,,,7,1st Serve In,Ad: T,,,Crosscourt,Forehand,Error,,,Down the Line,Forehand,,,,2.0,1.0,2.0,3.0,"Set 2: 2-4, 15-0 Kaylan Bigun Serving"
109,Kaylan Bigun,Nathan Trouve,15-15,2-4,0-1,,Deuce,Kaylan Bigun,Nathan Trouve,"Univeristy of California, Los Angeles",University of South California,4120439.0,4124629.0,4190.0,4,1-4,1,0,1st Serve In,T,T,,False,Far,,,9.794296807,-148.3130741,,,Down the Line,Backhand,Long,,Crosscourt,Forehand,Nathan Trouve,Error,Kaylan Bigun,,False,,,2,0,1,2,4,15,15,,,7,1st Serve In,Deuce: T,,,,,,,,Down the Line,Backhand,Crosscourt,Forehand,Error,1.0,0.0,0.0,1.0,"Set 2: 2-4, 15-15 Kaylan Bigun Serving"
110,Kaylan Bigun,Nathan Trouve,30-15,2-4,0-1,,Ad,Kaylan Bigun,Nathan Trouve,"Univeristy of California, Los Angeles",University of South California,4154740.0,4155339.0,599.0,2,1-4,1,0,1st Serve In,T,T,,False,Far,,,-27.85401356,-236.5192367,,,Crosscourt,Forehand,,,Crosscourt,Forehand,Nathan Trouve,Winner,Nathan Trouve,,False,,,2,0,1,2,4,30,15,,,7,1st Serve In,Ad: T,,,,,,,,Crosscourt,Forehand,Crosscourt,Forehand,Winner,0.0,0.0,0.0,1.0,"Set 2: 2-4, 30-15 Kaylan Bigun Serving"
111,Kaylan Bigun,Nathan Trouve,30-30,2-4,0-1,,Deuce,Kaylan Bigun,Nathan Trouve,"Univeristy of California, Los Angeles",University of South California,4181080.0,4190410.0,9330.0,2,1-4,0,1,2nd Serve In,Wide,Wide,Wide,False,Far,,,114.9041503,24.35294182,155.3090168,-184.5260553,Crosscourt,Forehand,Net,Net,Crosscourt,Forehand,Nathan Trouve,Error,Kaylan Bigun,,False,,,2,0,1,2,4,30,30,,,7,2nd Serve In,Deuce: Wide,,,,,,,,Crosscourt,Forehand,Crosscourt,Forehand,Error,0.0,0.0,0.0,0.0,"Set 2: 2-4, 30-30 Kaylan Bigun Serving"
112,Kaylan Bigun,Nathan Trouve,30-40,2-4,0-1,,Ad,Kaylan Bigun,Nathan Trouve,"Univeristy of California, Los Angeles",University of South California,4213680.0,4214629.0,949.0,2,1-4,1,0,1st Serve In,Wide,Wide,,False,Far,,,-152.7625601,-192.3974956,,,Down the Line,Backhand,Net,Net,Down the Line,Backhand,Nathan Trouve,Error,Kaylan Bigun,,True,,,2,0,1,2,4,30,40,,,7,1st Serve In,Ad: Wide,,,,,,,,Down the Line,Backhand,Down the Line,Backhand,Error,0.0,0.0,0.0,0.0,"Set 2: 2-4, 30-40 Kaylan Bigun Serving"
113,Kaylan Bigun,Nathan Trouve,40-40,2-4,0-1,,Ad,Kaylan Bigun,Nathan Trouve,"Univeristy of California, Los Angeles",University of South California,4237740.0,4261129.0,23389.0,19,13+,0,0,Double Fault,,T,,False,Far,,,24.02162073,-165.8013233,,,Down the Line,Backhand,Net,,Down the Line,Backhand,Kaylan Bigun,Error,Nathan Trouve,,True,,,2,0,1,2,4,40,40,,,7,Double Fault,,,,Down the Line,Backhand,,,,Down the Line,Backhand,,,,3.0,5.0,5.0,2.0,"Set 2: 2-4, 40-40 Kaylan Bigun Serving"
114,Kaylan Bigun,Nathan Trouve,0-0,2-5,0-1,,Deuce,Nathan Trouve,Kaylan Bigun,"Univeristy of California, Los Angeles",University of South California,4359680.0,4362879.0,3199.0,4,1-4,1,0,1st Serve In,Body,Body,,False,Far,,,65.17678259,-141.4954998,,,Down the Line,Forehand,Net,,Down the Line,Forehand,Kaylan Bigun,Error,Nathan Trouve,,False,,,2,0,1,2,5,0,0,,,8,,,Down the Line,Forehand,Down the Line,Forehand,Error,1st Serve In,Deuce: Body,,,,,,0.0,0.0,1.0,1.0,"Set 2: 2-5, 0-0 Nathan Trouve Serving"
115,Kaylan Bigun,Nathan Trouve,15-0,2-5,0-1,,Ad,Nathan Trouve,Kaylan Bigun,"Univeristy of California, Los Angeles",University of South California,4388579.0,4396472.0,7893.0,5,5-8,1,0,1st Serve In,Body,Body,,False,Far,,,-80.0,-225.0,,,Crosscourt,Forehand,,,Crosscourt,Forehand,Nathan Trouve,Winner,Nathan Trouve,,False,,,2,0,1,2,5,15,0,,,8,,,Crosscourt,Forehand,,,,1st Serve In,Ad: Body,,,Crosscourt,Forehand,Winner,1.0,1.0,1.0,1.0,"Set 2: 2-5, 15-0 Nathan Trouve Serving"
116,Kaylan Bigun,Nathan Trouve,30-0,2-5,0-1,,Deuce,Nathan Trouve,Kaylan Bigun,"Univeristy of California, Los Angeles",University of South California,4413779.0,4418080.0,4301.0,5,5-8,1,0,1st Serve In,T,T,,False,Far,,,24.85122485,-181.6318187,,,Down the Line,Forehand,Long,,Down the Line,Backhand,Nathan Trouve,Error,Kaylan Bigun,,False,,,2,0,1,2,5,30,0,,,8,,,Down the Line,Forehand,,,,1st Serve In,Deuce: T,,,Down the Line,Backhand,Error,0.0,0.0,2.0,1.0,"Set 2: 2-5, 30-0 Nathan Trouve Serving"
117,Kaylan Bigun,Nathan Trouve,30-15,2-5,0-1,,Ad,Nathan Trouve,Kaylan Bigun,"Univeristy of California, Los Angeles",University of South California,4433919.0,4439640.0,5721.0,4,1-4,1,0,1st Serve In,Body,Body,,False,Far,,,-60.79328521,-171.818154,,,Crosscourt,Forehand,,,Down the Line,Forehand,Kaylan Bigun,Winner,Kaylan Bigun,,False,Kaylan Bigun,,2,0,1,2,5,30,15,,,8,,,Crosscourt,Forehand,Down the Line,Forehand,Winner,1st Serve In,Ad: Body,,,,,,0.0,0.0,1.0,1.0,"Set 2: 2-5, 30-15 Nathan Trouve Serving"
118,Kaylan Bigun,Nathan Trouve,40-15,2-5,0-1,,Deuce,Nathan Trouve,Kaylan Bigun,"Univeristy of California, Los Angeles",University of South California,4457669.0,4457669.0,0.0,1,1-4,1,0,1st Serve In,,T,,True,Far,,,12.43284668,-233.9944827,,,,,,,,,Nathan Trouve,,Nathan Trouve,,False,,,2,0,1,2,5,40,15,,,8,Ace,,,,,,,1st Serve In,,,,,,,0.0,0.0,0.0,0.0,"Set 2: 2-5, 40-15 Nathan Trouve Serving"
